dataset_name,problem_type,is_classification,target_name,eval_metric,split_time_horizon,split_time_horizon_unit,stratify_on,time_on,group_on,group_time_on,group_labels,multiclass_min_n_classes_over_splits,multiclass_max_n_classes_over_splits,class_consistency_over_splits,num_instances,num_features,num_classes,num_instance_groups,tabarena_task_name,task_id_str,has_datetime,has_text,has_categorical,has_numerical,has_binary,has_high_cardinality_categorical,data_foundry_uri,task_type,num_text_cols,num_high_cardinality_cats,num_cols_after_preprocessing,missing_value_fraction,domain,dataset_year,source,repeat,fold,num_instances_train,num_instances_test,num_instance_groups_train,num_instance_groups_test,num_classes_train,num_classes_test,num_features_train,num_features_test,split_index,target_minority_fraction,target_imbalance_ratio,target_skewness
airfoil_self_noise,regression,False,scaled-sound-pressure,rmse,,,,,,,,-1,-1,True,1503.0,5,-1,1503.0,airfoil_self_noise,363612,,,,,,,,random,,,,,physics & astronomy,2014,UCI,0,0,1002.0,501.0,1002.0,501.0,-1,-1,5,5,r0f0,,,-0.4185339558133391
airfoil_self_noise,regression,False,scaled-sound-pressure,rmse,,,,,,,,-1,-1,True,1503.0,5,-1,1503.0,airfoil_self_noise,363612,,,,,,,,random,,,,,physics & astronomy,2014,UCI,0,1,1002.0,501.0,1002.0,501.0,-1,-1,5,5,r0f1,,,-0.4185339558133391
airfoil_self_noise,regression,False,scaled-sound-pressure,rmse,,,,,,,,-1,-1,True,1503.0,5,-1,1503.0,airfoil_self_noise,363612,,,,,,,,random,,,,,physics & astronomy,2014,UCI,0,2,1002.0,501.0,1002.0,501.0,-1,-1,5,5,r0f2,,,-0.4185339558133391
airfoil_self_noise,regression,False,scaled-sound-pressure,rmse,,,,,,,,-1,-1,True,1503.0,5,-1,1503.0,airfoil_self_noise,363612,,,,,,,,random,,,,,physics & astronomy,2014,UCI,1,0,1002.0,501.0,1002.0,501.0,-1,-1,5,5,r1f0,,,-0.4185339558133391
airfoil_self_noise,regression,False,scaled-sound-pressure,rmse,,,,,,,,-1,-1,True,1503.0,5,-1,1503.0,airfoil_self_noise,363612,,,,,,,,random,,,,,physics & astronomy,2014,UCI,1,1,1002.0,501.0,1002.0,501.0,-1,-1,5,5,r1f1,,,-0.4185339558133391
airfoil_self_noise,regression,False,scaled-sound-pressure,rmse,,,,,,,,-1,-1,True,1503.0,5,-1,1503.0,airfoil_self_noise,363612,,,,,,,,random,,,,,physics & astronomy,2014,UCI,1,2,1002.0,501.0,1002.0,501.0,-1,-1,5,5,r1f2,,,-0.4185339558133391
airfoil_self_noise,regression,False,scaled-sound-pressure,rmse,,,,,,,,-1,-1,True,1503.0,5,-1,1503.0,airfoil_self_noise,363612,,,,,,,,random,,,,,physics & astronomy,2014,UCI,2,0,1002.0,501.0,1002.0,501.0,-1,-1,5,5,r2f0,,,-0.4185339558133391
airfoil_self_noise,regression,False,scaled-sound-pressure,rmse,,,,,,,,-1,-1,True,1503.0,5,-1,1503.0,airfoil_self_noise,363612,,,,,,,,random,,,,,physics & astronomy,2014,UCI,2,1,1002.0,501.0,1002.0,501.0,-1,-1,5,5,r2f1,,,-0.4185339558133391
airfoil_self_noise,regression,False,scaled-sound-pressure,rmse,,,,,,,,-1,-1,True,1503.0,5,-1,1503.0,airfoil_self_noise,363612,,,,,,,,random,,,,,physics & astronomy,2014,UCI,2,2,1002.0,501.0,1002.0,501.0,-1,-1,5,5,r2f2,,,-0.4185339558133391
airfoil_self_noise,regression,False,scaled-sound-pressure,rmse,,,,,,,,-1,-1,True,1503.0,5,-1,1503.0,airfoil_self_noise,363612,,,,,,,,random,,,,,physics & astronomy,2014,UCI,3,0,1002.0,501.0,1002.0,501.0,-1,-1,5,5,r3f0,,,-0.4185339558133391
airfoil_self_noise,regression,False,scaled-sound-pressure,rmse,,,,,,,,-1,-1,True,1503.0,5,-1,1503.0,airfoil_self_noise,363612,,,,,,,,random,,,,,physics & astronomy,2014,UCI,3,1,1002.0,501.0,1002.0,501.0,-1,-1,5,5,r3f1,,,-0.4185339558133391
airfoil_self_noise,regression,False,scaled-sound-pressure,rmse,,,,,,,,-1,-1,True,1503.0,5,-1,1503.0,airfoil_self_noise,363612,,,,,,,,random,,,,,physics & astronomy,2014,UCI,3,2,1002.0,501.0,1002.0,501.0,-1,-1,5,5,r3f2,,,-0.4185339558133391
airfoil_self_noise,regression,False,scaled-sound-pressure,rmse,,,,,,,,-1,-1,True,1503.0,5,-1,1503.0,airfoil_self_noise,363612,,,,,,,,random,,,,,physics & astronomy,2014,UCI,4,0,1002.0,501.0,1002.0,501.0,-1,-1,5,5,r4f0,,,-0.4185339558133391
airfoil_self_noise,regression,False,scaled-sound-pressure,rmse,,,,,,,,-1,-1,True,1503.0,5,-1,1503.0,airfoil_self_noise,363612,,,,,,,,random,,,,,physics & astronomy,2014,UCI,4,1,1002.0,501.0,1002.0,501.0,-1,-1,5,5,r4f1,,,-0.4185339558133391
airfoil_self_noise,regression,False,scaled-sound-pressure,rmse,,,,,,,,-1,-1,True,1503.0,5,-1,1503.0,airfoil_self_noise,363612,,,,,,,,random,,,,,physics & astronomy,2014,UCI,4,2,1002.0,501.0,1002.0,501.0,-1,-1,5,5,r4f2,,,-0.4185339558133391
airfoil_self_noise,regression,False,scaled-sound-pressure,rmse,,,,,,,,-1,-1,True,1503.0,5,-1,1503.0,airfoil_self_noise,363612,,,,,,,,random,,,,,physics & astronomy,2014,UCI,5,0,1002.0,501.0,1002.0,501.0,-1,-1,5,5,r5f0,,,-0.4185339558133391
airfoil_self_noise,regression,False,scaled-sound-pressure,rmse,,,,,,,,-1,-1,True,1503.0,5,-1,1503.0,airfoil_self_noise,363612,,,,,,,,random,,,,,physics & astronomy,2014,UCI,5,1,1002.0,501.0,1002.0,501.0,-1,-1,5,5,r5f1,,,-0.4185339558133391
airfoil_self_noise,regression,False,scaled-sound-pressure,rmse,,,,,,,,-1,-1,True,1503.0,5,-1,1503.0,airfoil_self_noise,363612,,,,,,,,random,,,,,physics & astronomy,2014,UCI,5,2,1002.0,501.0,1002.0,501.0,-1,-1,5,5,r5f2,,,-0.4185339558133391
airfoil_self_noise,regression,False,scaled-sound-pressure,rmse,,,,,,,,-1,-1,True,1503.0,5,-1,1503.0,airfoil_self_noise,363612,,,,,,,,random,,,,,physics & astronomy,2014,UCI,6,0,1002.0,501.0,1002.0,501.0,-1,-1,5,5,r6f0,,,-0.4185339558133391
airfoil_self_noise,regression,False,scaled-sound-pressure,rmse,,,,,,,,-1,-1,True,1503.0,5,-1,1503.0,airfoil_self_noise,363612,,,,,,,,random,,,,,physics & astronomy,2014,UCI,6,1,1002.0,501.0,1002.0,501.0,-1,-1,5,5,r6f1,,,-0.4185339558133391
airfoil_self_noise,regression,False,scaled-sound-pressure,rmse,,,,,,,,-1,-1,True,1503.0,5,-1,1503.0,airfoil_self_noise,363612,,,,,,,,random,,,,,physics & astronomy,2014,UCI,6,2,1002.0,501.0,1002.0,501.0,-1,-1,5,5,r6f2,,,-0.4185339558133391
airfoil_self_noise,regression,False,scaled-sound-pressure,rmse,,,,,,,,-1,-1,True,1503.0,5,-1,1503.0,airfoil_self_noise,363612,,,,,,,,random,,,,,physics & astronomy,2014,UCI,7,0,1002.0,501.0,1002.0,501.0,-1,-1,5,5,r7f0,,,-0.4185339558133391
airfoil_self_noise,regression,False,scaled-sound-pressure,rmse,,,,,,,,-1,-1,True,1503.0,5,-1,1503.0,airfoil_self_noise,363612,,,,,,,,random,,,,,physics & astronomy,2014,UCI,7,1,1002.0,501.0,1002.0,501.0,-1,-1,5,5,r7f1,,,-0.4185339558133391
airfoil_self_noise,regression,False,scaled-sound-pressure,rmse,,,,,,,,-1,-1,True,1503.0,5,-1,1503.0,airfoil_self_noise,363612,,,,,,,,random,,,,,physics & astronomy,2014,UCI,7,2,1002.0,501.0,1002.0,501.0,-1,-1,5,5,r7f2,,,-0.4185339558133391
airfoil_self_noise,regression,False,scaled-sound-pressure,rmse,,,,,,,,-1,-1,True,1503.0,5,-1,1503.0,airfoil_self_noise,363612,,,,,,,,random,,,,,physics & astronomy,2014,UCI,8,0,1002.0,501.0,1002.0,501.0,-1,-1,5,5,r8f0,,,-0.4185339558133391
airfoil_self_noise,regression,False,scaled-sound-pressure,rmse,,,,,,,,-1,-1,True,1503.0,5,-1,1503.0,airfoil_self_noise,363612,,,,,,,,random,,,,,physics & astronomy,2014,UCI,8,1,1002.0,501.0,1002.0,501.0,-1,-1,5,5,r8f1,,,-0.4185339558133391
airfoil_self_noise,regression,False,scaled-sound-pressure,rmse,,,,,,,,-1,-1,True,1503.0,5,-1,1503.0,airfoil_self_noise,363612,,,,,,,,random,,,,,physics & astronomy,2014,UCI,8,2,1002.0,501.0,1002.0,501.0,-1,-1,5,5,r8f2,,,-0.4185339558133391
airfoil_self_noise,regression,False,scaled-sound-pressure,rmse,,,,,,,,-1,-1,True,1503.0,5,-1,1503.0,airfoil_self_noise,363612,,,,,,,,random,,,,,physics & astronomy,2014,UCI,9,0,1002.0,501.0,1002.0,501.0,-1,-1,5,5,r9f0,,,-0.4185339558133391
airfoil_self_noise,regression,False,scaled-sound-pressure,rmse,,,,,,,,-1,-1,True,1503.0,5,-1,1503.0,airfoil_self_noise,363612,,,,,,,,random,,,,,physics & astronomy,2014,UCI,9,1,1002.0,501.0,1002.0,501.0,-1,-1,5,5,r9f1,,,-0.4185339558133391
airfoil_self_noise,regression,False,scaled-sound-pressure,rmse,,,,,,,,-1,-1,True,1503.0,5,-1,1503.0,airfoil_self_noise,363612,,,,,,,,random,,,,,physics & astronomy,2014,UCI,9,2,1002.0,501.0,1002.0,501.0,-1,-1,5,5,r9f2,,,-0.4185339558133391
Amazon_employee_access,binary,True,ResourceApproved,roc_auc,,,ResourceApproved,,,,,2,2,True,32769.0,9,2,32769.0,Amazon_employee_access,363613,,,,,,,,random,,,,,business & marketing,2010,Kaggle,0,0,21846.0,10923.0,21846.0,10923.0,2,2,9,9,r0f0,0.0578900790381152,16.274117026884554,
Amazon_employee_access,binary,True,ResourceApproved,roc_auc,,,ResourceApproved,,,,,2,2,True,32769.0,9,2,32769.0,Amazon_employee_access,363613,,,,,,,,random,,,,,business & marketing,2010,Kaggle,0,1,21846.0,10923.0,21846.0,10923.0,2,2,9,9,r0f1,0.0578900790381152,16.274117026884554,
Amazon_employee_access,binary,True,ResourceApproved,roc_auc,,,ResourceApproved,,,,,2,2,True,32769.0,9,2,32769.0,Amazon_employee_access,363613,,,,,,,,random,,,,,business & marketing,2010,Kaggle,0,2,21846.0,10923.0,21846.0,10923.0,2,2,9,9,r0f2,0.0578900790381152,16.274117026884554,
Amazon_employee_access,binary,True,ResourceApproved,roc_auc,,,ResourceApproved,,,,,2,2,True,32769.0,9,2,32769.0,Amazon_employee_access,363613,,,,,,,,random,,,,,business & marketing,2010,Kaggle,1,0,21846.0,10923.0,21846.0,10923.0,2,2,9,9,r1f0,0.0578900790381152,16.274117026884554,
Amazon_employee_access,binary,True,ResourceApproved,roc_auc,,,ResourceApproved,,,,,2,2,True,32769.0,9,2,32769.0,Amazon_employee_access,363613,,,,,,,,random,,,,,business & marketing,2010,Kaggle,1,1,21846.0,10923.0,21846.0,10923.0,2,2,9,9,r1f1,0.0578900790381152,16.274117026884554,
Amazon_employee_access,binary,True,ResourceApproved,roc_auc,,,ResourceApproved,,,,,2,2,True,32769.0,9,2,32769.0,Amazon_employee_access,363613,,,,,,,,random,,,,,business & marketing,2010,Kaggle,1,2,21846.0,10923.0,21846.0,10923.0,2,2,9,9,r1f2,0.0578900790381152,16.274117026884554,
Amazon_employee_access,binary,True,ResourceApproved,roc_auc,,,ResourceApproved,,,,,2,2,True,32769.0,9,2,32769.0,Amazon_employee_access,363613,,,,,,,,random,,,,,business & marketing,2010,Kaggle,2,0,21846.0,10923.0,21846.0,10923.0,2,2,9,9,r2f0,0.0578900790381152,16.274117026884554,
Amazon_employee_access,binary,True,ResourceApproved,roc_auc,,,ResourceApproved,,,,,2,2,True,32769.0,9,2,32769.0,Amazon_employee_access,363613,,,,,,,,random,,,,,business & marketing,2010,Kaggle,2,1,21846.0,10923.0,21846.0,10923.0,2,2,9,9,r2f1,0.0578900790381152,16.274117026884554,
Amazon_employee_access,binary,True,ResourceApproved,roc_auc,,,ResourceApproved,,,,,2,2,True,32769.0,9,2,32769.0,Amazon_employee_access,363613,,,,,,,,random,,,,,business & marketing,2010,Kaggle,2,2,21846.0,10923.0,21846.0,10923.0,2,2,9,9,r2f2,0.0578900790381152,16.274117026884554,
anneal,multiclass,True,classes,log_loss,,,classes,,,,,5,5,True,898.0,38,5,898.0,anneal,363614,,,,,,,,random,,,,,chemistry & material science,1990,UCI,0,0,598.6666666666666,299.3333333333333,598.6666666666666,299.3333333333333,5,5,38,38,r0f0,0.0089086859688195,85.5,
anneal,multiclass,True,classes,log_loss,,,classes,,,,,5,5,True,898.0,38,5,898.0,anneal,363614,,,,,,,,random,,,,,chemistry & material science,1990,UCI,0,1,598.6666666666666,299.3333333333333,598.6666666666666,299.3333333333333,5,5,38,38,r0f1,0.0089086859688195,85.5,
anneal,multiclass,True,classes,log_loss,,,classes,,,,,5,5,True,898.0,38,5,898.0,anneal,363614,,,,,,,,random,,,,,chemistry & material science,1990,UCI,0,2,598.6666666666666,299.3333333333333,598.6666666666666,299.3333333333333,5,5,38,38,r0f2,0.0089086859688195,85.5,
anneal,multiclass,True,classes,log_loss,,,classes,,,,,5,5,True,898.0,38,5,898.0,anneal,363614,,,,,,,,random,,,,,chemistry & material science,1990,UCI,1,0,598.6666666666666,299.3333333333333,598.6666666666666,299.3333333333333,5,5,38,38,r1f0,0.0089086859688195,85.5,
anneal,multiclass,True,classes,log_loss,,,classes,,,,,5,5,True,898.0,38,5,898.0,anneal,363614,,,,,,,,random,,,,,chemistry & material science,1990,UCI,1,1,598.6666666666666,299.3333333333333,598.6666666666666,299.3333333333333,5,5,38,38,r1f1,0.0089086859688195,85.5,
anneal,multiclass,True,classes,log_loss,,,classes,,,,,5,5,True,898.0,38,5,898.0,anneal,363614,,,,,,,,random,,,,,chemistry & material science,1990,UCI,1,2,598.6666666666666,299.3333333333333,598.6666666666666,299.3333333333333,5,5,38,38,r1f2,0.0089086859688195,85.5,
anneal,multiclass,True,classes,log_loss,,,classes,,,,,5,5,True,898.0,38,5,898.0,anneal,363614,,,,,,,,random,,,,,chemistry & material science,1990,UCI,2,0,598.6666666666666,299.3333333333333,598.6666666666666,299.3333333333333,5,5,38,38,r2f0,0.0089086859688195,85.5,
anneal,multiclass,True,classes,log_loss,,,classes,,,,,5,5,True,898.0,38,5,898.0,anneal,363614,,,,,,,,random,,,,,chemistry & material science,1990,UCI,2,1,598.6666666666666,299.3333333333333,598.6666666666666,299.3333333333333,5,5,38,38,r2f1,0.0089086859688195,85.5,
anneal,multiclass,True,classes,log_loss,,,classes,,,,,5,5,True,898.0,38,5,898.0,anneal,363614,,,,,,,,random,,,,,chemistry & material science,1990,UCI,2,2,598.6666666666666,299.3333333333333,598.6666666666666,299.3333333333333,5,5,38,38,r2f2,0.0089086859688195,85.5,
anneal,multiclass,True,classes,log_loss,,,classes,,,,,5,5,True,898.0,38,5,898.0,anneal,363614,,,,,,,,random,,,,,chemistry & material science,1990,UCI,3,0,598.6666666666666,299.3333333333333,598.6666666666666,299.3333333333333,5,5,38,38,r3f0,0.0089086859688195,85.5,
anneal,multiclass,True,classes,log_loss,,,classes,,,,,5,5,True,898.0,38,5,898.0,anneal,363614,,,,,,,,random,,,,,chemistry & material science,1990,UCI,3,1,598.6666666666666,299.3333333333333,598.6666666666666,299.3333333333333,5,5,38,38,r3f1,0.0089086859688195,85.5,
anneal,multiclass,True,classes,log_loss,,,classes,,,,,5,5,True,898.0,38,5,898.0,anneal,363614,,,,,,,,random,,,,,chemistry & material science,1990,UCI,3,2,598.6666666666666,299.3333333333333,598.6666666666666,299.3333333333333,5,5,38,38,r3f2,0.0089086859688195,85.5,
anneal,multiclass,True,classes,log_loss,,,classes,,,,,5,5,True,898.0,38,5,898.0,anneal,363614,,,,,,,,random,,,,,chemistry & material science,1990,UCI,4,0,598.6666666666666,299.3333333333333,598.6666666666666,299.3333333333333,5,5,38,38,r4f0,0.0089086859688195,85.5,
anneal,multiclass,True,classes,log_loss,,,classes,,,,,5,5,True,898.0,38,5,898.0,anneal,363614,,,,,,,,random,,,,,chemistry & material science,1990,UCI,4,1,598.6666666666666,299.3333333333333,598.6666666666666,299.3333333333333,5,5,38,38,r4f1,0.0089086859688195,85.5,
anneal,multiclass,True,classes,log_loss,,,classes,,,,,5,5,True,898.0,38,5,898.0,anneal,363614,,,,,,,,random,,,,,chemistry & material science,1990,UCI,4,2,598.6666666666666,299.3333333333333,598.6666666666666,299.3333333333333,5,5,38,38,r4f2,0.0089086859688195,85.5,
anneal,multiclass,True,classes,log_loss,,,classes,,,,,5,5,True,898.0,38,5,898.0,anneal,363614,,,,,,,,random,,,,,chemistry & material science,1990,UCI,5,0,598.6666666666666,299.3333333333333,598.6666666666666,299.3333333333333,5,5,38,38,r5f0,0.0089086859688195,85.5,
anneal,multiclass,True,classes,log_loss,,,classes,,,,,5,5,True,898.0,38,5,898.0,anneal,363614,,,,,,,,random,,,,,chemistry & material science,1990,UCI,5,1,598.6666666666666,299.3333333333333,598.6666666666666,299.3333333333333,5,5,38,38,r5f1,0.0089086859688195,85.5,
anneal,multiclass,True,classes,log_loss,,,classes,,,,,5,5,True,898.0,38,5,898.0,anneal,363614,,,,,,,,random,,,,,chemistry & material science,1990,UCI,5,2,598.6666666666666,299.3333333333333,598.6666666666666,299.3333333333333,5,5,38,38,r5f2,0.0089086859688195,85.5,
anneal,multiclass,True,classes,log_loss,,,classes,,,,,5,5,True,898.0,38,5,898.0,anneal,363614,,,,,,,,random,,,,,chemistry & material science,1990,UCI,6,0,598.6666666666666,299.3333333333333,598.6666666666666,299.3333333333333,5,5,38,38,r6f0,0.0089086859688195,85.5,
anneal,multiclass,True,classes,log_loss,,,classes,,,,,5,5,True,898.0,38,5,898.0,anneal,363614,,,,,,,,random,,,,,chemistry & material science,1990,UCI,6,1,598.6666666666666,299.3333333333333,598.6666666666666,299.3333333333333,5,5,38,38,r6f1,0.0089086859688195,85.5,
anneal,multiclass,True,classes,log_loss,,,classes,,,,,5,5,True,898.0,38,5,898.0,anneal,363614,,,,,,,,random,,,,,chemistry & material science,1990,UCI,6,2,598.6666666666666,299.3333333333333,598.6666666666666,299.3333333333333,5,5,38,38,r6f2,0.0089086859688195,85.5,
anneal,multiclass,True,classes,log_loss,,,classes,,,,,5,5,True,898.0,38,5,898.0,anneal,363614,,,,,,,,random,,,,,chemistry & material science,1990,UCI,7,0,598.6666666666666,299.3333333333333,598.6666666666666,299.3333333333333,5,5,38,38,r7f0,0.0089086859688195,85.5,
anneal,multiclass,True,classes,log_loss,,,classes,,,,,5,5,True,898.0,38,5,898.0,anneal,363614,,,,,,,,random,,,,,chemistry & material science,1990,UCI,7,1,598.6666666666666,299.3333333333333,598.6666666666666,299.3333333333333,5,5,38,38,r7f1,0.0089086859688195,85.5,
anneal,multiclass,True,classes,log_loss,,,classes,,,,,5,5,True,898.0,38,5,898.0,anneal,363614,,,,,,,,random,,,,,chemistry & material science,1990,UCI,7,2,598.6666666666666,299.3333333333333,598.6666666666666,299.3333333333333,5,5,38,38,r7f2,0.0089086859688195,85.5,
anneal,multiclass,True,classes,log_loss,,,classes,,,,,5,5,True,898.0,38,5,898.0,anneal,363614,,,,,,,,random,,,,,chemistry & material science,1990,UCI,8,0,598.6666666666666,299.3333333333333,598.6666666666666,299.3333333333333,5,5,38,38,r8f0,0.0089086859688195,85.5,
anneal,multiclass,True,classes,log_loss,,,classes,,,,,5,5,True,898.0,38,5,898.0,anneal,363614,,,,,,,,random,,,,,chemistry & material science,1990,UCI,8,1,598.6666666666666,299.3333333333333,598.6666666666666,299.3333333333333,5,5,38,38,r8f1,0.0089086859688195,85.5,
anneal,multiclass,True,classes,log_loss,,,classes,,,,,5,5,True,898.0,38,5,898.0,anneal,363614,,,,,,,,random,,,,,chemistry & material science,1990,UCI,8,2,598.6666666666666,299.3333333333333,598.6666666666666,299.3333333333333,5,5,38,38,r8f2,0.0089086859688195,85.5,
anneal,multiclass,True,classes,log_loss,,,classes,,,,,5,5,True,898.0,38,5,898.0,anneal,363614,,,,,,,,random,,,,,chemistry & material science,1990,UCI,9,0,598.6666666666666,299.3333333333333,598.6666666666666,299.3333333333333,5,5,38,38,r9f0,0.0089086859688195,85.5,
anneal,multiclass,True,classes,log_loss,,,classes,,,,,5,5,True,898.0,38,5,898.0,anneal,363614,,,,,,,,random,,,,,chemistry & material science,1990,UCI,9,1,598.6666666666666,299.3333333333333,598.6666666666666,299.3333333333333,5,5,38,38,r9f1,0.0089086859688195,85.5,
anneal,multiclass,True,classes,log_loss,,,classes,,,,,5,5,True,898.0,38,5,898.0,anneal,363614,,,,,,,,random,,,,,chemistry & material science,1990,UCI,9,2,598.6666666666666,299.3333333333333,598.6666666666666,299.3333333333333,5,5,38,38,r9f2,0.0089086859688195,85.5,
Another-Dataset-on-used-Fiat-500,regression,False,price,rmse,,,,,,,,-1,-1,True,1538.0,7,-1,1538.0,Another-Dataset-on-used-Fiat-500,363615,,,,,,,,random,,,,,technology & internet,2020,Kaggle,0,0,1025.3333333333333,512.6666666666666,1025.3333333333333,512.6666666666666,-1,-1,7,7,r0f0,,,-0.6858276498303356
Another-Dataset-on-used-Fiat-500,regression,False,price,rmse,,,,,,,,-1,-1,True,1538.0,7,-1,1538.0,Another-Dataset-on-used-Fiat-500,363615,,,,,,,,random,,,,,technology & internet,2020,Kaggle,0,1,1025.3333333333333,512.6666666666666,1025.3333333333333,512.6666666666666,-1,-1,7,7,r0f1,,,-0.6858276498303356
Another-Dataset-on-used-Fiat-500,regression,False,price,rmse,,,,,,,,-1,-1,True,1538.0,7,-1,1538.0,Another-Dataset-on-used-Fiat-500,363615,,,,,,,,random,,,,,technology & internet,2020,Kaggle,0,2,1025.3333333333333,512.6666666666666,1025.3333333333333,512.6666666666666,-1,-1,7,7,r0f2,,,-0.6858276498303356
Another-Dataset-on-used-Fiat-500,regression,False,price,rmse,,,,,,,,-1,-1,True,1538.0,7,-1,1538.0,Another-Dataset-on-used-Fiat-500,363615,,,,,,,,random,,,,,technology & internet,2020,Kaggle,1,0,1025.3333333333333,512.6666666666666,1025.3333333333333,512.6666666666666,-1,-1,7,7,r1f0,,,-0.6858276498303356
Another-Dataset-on-used-Fiat-500,regression,False,price,rmse,,,,,,,,-1,-1,True,1538.0,7,-1,1538.0,Another-Dataset-on-used-Fiat-500,363615,,,,,,,,random,,,,,technology & internet,2020,Kaggle,1,1,1025.3333333333333,512.6666666666666,1025.3333333333333,512.6666666666666,-1,-1,7,7,r1f1,,,-0.6858276498303356
Another-Dataset-on-used-Fiat-500,regression,False,price,rmse,,,,,,,,-1,-1,True,1538.0,7,-1,1538.0,Another-Dataset-on-used-Fiat-500,363615,,,,,,,,random,,,,,technology & internet,2020,Kaggle,1,2,1025.3333333333333,512.6666666666666,1025.3333333333333,512.6666666666666,-1,-1,7,7,r1f2,,,-0.6858276498303356
Another-Dataset-on-used-Fiat-500,regression,False,price,rmse,,,,,,,,-1,-1,True,1538.0,7,-1,1538.0,Another-Dataset-on-used-Fiat-500,363615,,,,,,,,random,,,,,technology & internet,2020,Kaggle,2,0,1025.3333333333333,512.6666666666666,1025.3333333333333,512.6666666666666,-1,-1,7,7,r2f0,,,-0.6858276498303356
Another-Dataset-on-used-Fiat-500,regression,False,price,rmse,,,,,,,,-1,-1,True,1538.0,7,-1,1538.0,Another-Dataset-on-used-Fiat-500,363615,,,,,,,,random,,,,,technology & internet,2020,Kaggle,2,1,1025.3333333333333,512.6666666666666,1025.3333333333333,512.6666666666666,-1,-1,7,7,r2f1,,,-0.6858276498303356
Another-Dataset-on-used-Fiat-500,regression,False,price,rmse,,,,,,,,-1,-1,True,1538.0,7,-1,1538.0,Another-Dataset-on-used-Fiat-500,363615,,,,,,,,random,,,,,technology & internet,2020,Kaggle,2,2,1025.3333333333333,512.6666666666666,1025.3333333333333,512.6666666666666,-1,-1,7,7,r2f2,,,-0.6858276498303356
Another-Dataset-on-used-Fiat-500,regression,False,price,rmse,,,,,,,,-1,-1,True,1538.0,7,-1,1538.0,Another-Dataset-on-used-Fiat-500,363615,,,,,,,,random,,,,,technology & internet,2020,Kaggle,3,0,1025.3333333333333,512.6666666666666,1025.3333333333333,512.6666666666666,-1,-1,7,7,r3f0,,,-0.6858276498303356
Another-Dataset-on-used-Fiat-500,regression,False,price,rmse,,,,,,,,-1,-1,True,1538.0,7,-1,1538.0,Another-Dataset-on-used-Fiat-500,363615,,,,,,,,random,,,,,technology & internet,2020,Kaggle,3,1,1025.3333333333333,512.6666666666666,1025.3333333333333,512.6666666666666,-1,-1,7,7,r3f1,,,-0.6858276498303356
Another-Dataset-on-used-Fiat-500,regression,False,price,rmse,,,,,,,,-1,-1,True,1538.0,7,-1,1538.0,Another-Dataset-on-used-Fiat-500,363615,,,,,,,,random,,,,,technology & internet,2020,Kaggle,3,2,1025.3333333333333,512.6666666666666,1025.3333333333333,512.6666666666666,-1,-1,7,7,r3f2,,,-0.6858276498303356
Another-Dataset-on-used-Fiat-500,regression,False,price,rmse,,,,,,,,-1,-1,True,1538.0,7,-1,1538.0,Another-Dataset-on-used-Fiat-500,363615,,,,,,,,random,,,,,technology & internet,2020,Kaggle,4,0,1025.3333333333333,512.6666666666666,1025.3333333333333,512.6666666666666,-1,-1,7,7,r4f0,,,-0.6858276498303356
Another-Dataset-on-used-Fiat-500,regression,False,price,rmse,,,,,,,,-1,-1,True,1538.0,7,-1,1538.0,Another-Dataset-on-used-Fiat-500,363615,,,,,,,,random,,,,,technology & internet,2020,Kaggle,4,1,1025.3333333333333,512.6666666666666,1025.3333333333333,512.6666666666666,-1,-1,7,7,r4f1,,,-0.6858276498303356
Another-Dataset-on-used-Fiat-500,regression,False,price,rmse,,,,,,,,-1,-1,True,1538.0,7,-1,1538.0,Another-Dataset-on-used-Fiat-500,363615,,,,,,,,random,,,,,technology & internet,2020,Kaggle,4,2,1025.3333333333333,512.6666666666666,1025.3333333333333,512.6666666666666,-1,-1,7,7,r4f2,,,-0.6858276498303356
Another-Dataset-on-used-Fiat-500,regression,False,price,rmse,,,,,,,,-1,-1,True,1538.0,7,-1,1538.0,Another-Dataset-on-used-Fiat-500,363615,,,,,,,,random,,,,,technology & internet,2020,Kaggle,5,0,1025.3333333333333,512.6666666666666,1025.3333333333333,512.6666666666666,-1,-1,7,7,r5f0,,,-0.6858276498303356
Another-Dataset-on-used-Fiat-500,regression,False,price,rmse,,,,,,,,-1,-1,True,1538.0,7,-1,1538.0,Another-Dataset-on-used-Fiat-500,363615,,,,,,,,random,,,,,technology & internet,2020,Kaggle,5,1,1025.3333333333333,512.6666666666666,1025.3333333333333,512.6666666666666,-1,-1,7,7,r5f1,,,-0.6858276498303356
Another-Dataset-on-used-Fiat-500,regression,False,price,rmse,,,,,,,,-1,-1,True,1538.0,7,-1,1538.0,Another-Dataset-on-used-Fiat-500,363615,,,,,,,,random,,,,,technology & internet,2020,Kaggle,5,2,1025.3333333333333,512.6666666666666,1025.3333333333333,512.6666666666666,-1,-1,7,7,r5f2,,,-0.6858276498303356
Another-Dataset-on-used-Fiat-500,regression,False,price,rmse,,,,,,,,-1,-1,True,1538.0,7,-1,1538.0,Another-Dataset-on-used-Fiat-500,363615,,,,,,,,random,,,,,technology & internet,2020,Kaggle,6,0,1025.3333333333333,512.6666666666666,1025.3333333333333,512.6666666666666,-1,-1,7,7,r6f0,,,-0.6858276498303356
Another-Dataset-on-used-Fiat-500,regression,False,price,rmse,,,,,,,,-1,-1,True,1538.0,7,-1,1538.0,Another-Dataset-on-used-Fiat-500,363615,,,,,,,,random,,,,,technology & internet,2020,Kaggle,6,1,1025.3333333333333,512.6666666666666,1025.3333333333333,512.6666666666666,-1,-1,7,7,r6f1,,,-0.6858276498303356
Another-Dataset-on-used-Fiat-500,regression,False,price,rmse,,,,,,,,-1,-1,True,1538.0,7,-1,1538.0,Another-Dataset-on-used-Fiat-500,363615,,,,,,,,random,,,,,technology & internet,2020,Kaggle,6,2,1025.3333333333333,512.6666666666666,1025.3333333333333,512.6666666666666,-1,-1,7,7,r6f2,,,-0.6858276498303356
Another-Dataset-on-used-Fiat-500,regression,False,price,rmse,,,,,,,,-1,-1,True,1538.0,7,-1,1538.0,Another-Dataset-on-used-Fiat-500,363615,,,,,,,,random,,,,,technology & internet,2020,Kaggle,7,0,1025.3333333333333,512.6666666666666,1025.3333333333333,512.6666666666666,-1,-1,7,7,r7f0,,,-0.6858276498303356
Another-Dataset-on-used-Fiat-500,regression,False,price,rmse,,,,,,,,-1,-1,True,1538.0,7,-1,1538.0,Another-Dataset-on-used-Fiat-500,363615,,,,,,,,random,,,,,technology & internet,2020,Kaggle,7,1,1025.3333333333333,512.6666666666666,1025.3333333333333,512.6666666666666,-1,-1,7,7,r7f1,,,-0.6858276498303356
Another-Dataset-on-used-Fiat-500,regression,False,price,rmse,,,,,,,,-1,-1,True,1538.0,7,-1,1538.0,Another-Dataset-on-used-Fiat-500,363615,,,,,,,,random,,,,,technology & internet,2020,Kaggle,7,2,1025.3333333333333,512.6666666666666,1025.3333333333333,512.6666666666666,-1,-1,7,7,r7f2,,,-0.6858276498303356
Another-Dataset-on-used-Fiat-500,regression,False,price,rmse,,,,,,,,-1,-1,True,1538.0,7,-1,1538.0,Another-Dataset-on-used-Fiat-500,363615,,,,,,,,random,,,,,technology & internet,2020,Kaggle,8,0,1025.3333333333333,512.6666666666666,1025.3333333333333,512.6666666666666,-1,-1,7,7,r8f0,,,-0.6858276498303356
Another-Dataset-on-used-Fiat-500,regression,False,price,rmse,,,,,,,,-1,-1,True,1538.0,7,-1,1538.0,Another-Dataset-on-used-Fiat-500,363615,,,,,,,,random,,,,,technology & internet,2020,Kaggle,8,1,1025.3333333333333,512.6666666666666,1025.3333333333333,512.6666666666666,-1,-1,7,7,r8f1,,,-0.6858276498303356
Another-Dataset-on-used-Fiat-500,regression,False,price,rmse,,,,,,,,-1,-1,True,1538.0,7,-1,1538.0,Another-Dataset-on-used-Fiat-500,363615,,,,,,,,random,,,,,technology & internet,2020,Kaggle,8,2,1025.3333333333333,512.6666666666666,1025.3333333333333,512.6666666666666,-1,-1,7,7,r8f2,,,-0.6858276498303356
Another-Dataset-on-used-Fiat-500,regression,False,price,rmse,,,,,,,,-1,-1,True,1538.0,7,-1,1538.0,Another-Dataset-on-used-Fiat-500,363615,,,,,,,,random,,,,,technology & internet,2020,Kaggle,9,0,1025.3333333333333,512.6666666666666,1025.3333333333333,512.6666666666666,-1,-1,7,7,r9f0,,,-0.6858276498303356
Another-Dataset-on-used-Fiat-500,regression,False,price,rmse,,,,,,,,-1,-1,True,1538.0,7,-1,1538.0,Another-Dataset-on-used-Fiat-500,363615,,,,,,,,random,,,,,technology & internet,2020,Kaggle,9,1,1025.3333333333333,512.6666666666666,1025.3333333333333,512.6666666666666,-1,-1,7,7,r9f1,,,-0.6858276498303356
Another-Dataset-on-used-Fiat-500,regression,False,price,rmse,,,,,,,,-1,-1,True,1538.0,7,-1,1538.0,Another-Dataset-on-used-Fiat-500,363615,,,,,,,,random,,,,,technology & internet,2020,Kaggle,9,2,1025.3333333333333,512.6666666666666,1025.3333333333333,512.6666666666666,-1,-1,7,7,r9f2,,,-0.6858276498303356
APSFailure,binary,True,AirPressureSystemFailure,roc_auc,,,AirPressureSystemFailure,,,,,2,2,True,76000.0,170,2,76000.0,APSFailure,363616,,,,,,,,random,,,,,industry & manufacturing,2016,UCI,0,0,50666.666666666664,25333.333333333332,50666.666666666664,25333.333333333332,2,2,170,170,r0f0,0.0180921052631578,54.27272727272727,
APSFailure,binary,True,AirPressureSystemFailure,roc_auc,,,AirPressureSystemFailure,,,,,2,2,True,76000.0,170,2,76000.0,APSFailure,363616,,,,,,,,random,,,,,industry & manufacturing,2016,UCI,0,1,50666.666666666664,25333.333333333332,50666.666666666664,25333.333333333332,2,2,170,170,r0f1,0.0180921052631578,54.27272727272727,
APSFailure,binary,True,AirPressureSystemFailure,roc_auc,,,AirPressureSystemFailure,,,,,2,2,True,76000.0,170,2,76000.0,APSFailure,363616,,,,,,,,random,,,,,industry & manufacturing,2016,UCI,0,2,50666.666666666664,25333.333333333332,50666.666666666664,25333.333333333332,2,2,170,170,r0f2,0.0180921052631578,54.27272727272727,
APSFailure,binary,True,AirPressureSystemFailure,roc_auc,,,AirPressureSystemFailure,,,,,2,2,True,76000.0,170,2,76000.0,APSFailure,363616,,,,,,,,random,,,,,industry & manufacturing,2016,UCI,1,0,50666.666666666664,25333.333333333332,50666.666666666664,25333.333333333332,2,2,170,170,r1f0,0.0180921052631578,54.27272727272727,
APSFailure,binary,True,AirPressureSystemFailure,roc_auc,,,AirPressureSystemFailure,,,,,2,2,True,76000.0,170,2,76000.0,APSFailure,363616,,,,,,,,random,,,,,industry & manufacturing,2016,UCI,1,1,50666.666666666664,25333.333333333332,50666.666666666664,25333.333333333332,2,2,170,170,r1f1,0.0180921052631578,54.27272727272727,
APSFailure,binary,True,AirPressureSystemFailure,roc_auc,,,AirPressureSystemFailure,,,,,2,2,True,76000.0,170,2,76000.0,APSFailure,363616,,,,,,,,random,,,,,industry & manufacturing,2016,UCI,1,2,50666.666666666664,25333.333333333332,50666.666666666664,25333.333333333332,2,2,170,170,r1f2,0.0180921052631578,54.27272727272727,
APSFailure,binary,True,AirPressureSystemFailure,roc_auc,,,AirPressureSystemFailure,,,,,2,2,True,76000.0,170,2,76000.0,APSFailure,363616,,,,,,,,random,,,,,industry & manufacturing,2016,UCI,2,0,50666.666666666664,25333.333333333332,50666.666666666664,25333.333333333332,2,2,170,170,r2f0,0.0180921052631578,54.27272727272727,
APSFailure,binary,True,AirPressureSystemFailure,roc_auc,,,AirPressureSystemFailure,,,,,2,2,True,76000.0,170,2,76000.0,APSFailure,363616,,,,,,,,random,,,,,industry & manufacturing,2016,UCI,2,1,50666.666666666664,25333.333333333332,50666.666666666664,25333.333333333332,2,2,170,170,r2f1,0.0180921052631578,54.27272727272727,
APSFailure,binary,True,AirPressureSystemFailure,roc_auc,,,AirPressureSystemFailure,,,,,2,2,True,76000.0,170,2,76000.0,APSFailure,363616,,,,,,,,random,,,,,industry & manufacturing,2016,UCI,2,2,50666.666666666664,25333.333333333332,50666.666666666664,25333.333333333332,2,2,170,170,r2f2,0.0180921052631578,54.27272727272727,
bank-marketing,binary,True,SubscribeTermDeposit,roc_auc,,,SubscribeTermDeposit,,,,,2,2,True,45211.0,13,2,45211.0,bank-marketing,363618,,,,,,,,random,,,,,finance,2012,UCI,0,0,30140.666666666668,15070.333333333334,30140.666666666668,15070.333333333334,2,2,13,13,r0f0,0.1169848045829554,7.548118737001324,
bank-marketing,binary,True,SubscribeTermDeposit,roc_auc,,,SubscribeTermDeposit,,,,,2,2,True,45211.0,13,2,45211.0,bank-marketing,363618,,,,,,,,random,,,,,finance,2012,UCI,0,1,30140.666666666668,15070.333333333334,30140.666666666668,15070.333333333334,2,2,13,13,r0f1,0.1169848045829554,7.548118737001324,
bank-marketing,binary,True,SubscribeTermDeposit,roc_auc,,,SubscribeTermDeposit,,,,,2,2,True,45211.0,13,2,45211.0,bank-marketing,363618,,,,,,,,random,,,,,finance,2012,UCI,0,2,30140.666666666668,15070.333333333334,30140.666666666668,15070.333333333334,2,2,13,13,r0f2,0.1169848045829554,7.548118737001324,
bank-marketing,binary,True,SubscribeTermDeposit,roc_auc,,,SubscribeTermDeposit,,,,,2,2,True,45211.0,13,2,45211.0,bank-marketing,363618,,,,,,,,random,,,,,finance,2012,UCI,1,0,30140.666666666668,15070.333333333334,30140.666666666668,15070.333333333334,2,2,13,13,r1f0,0.1169848045829554,7.548118737001324,
bank-marketing,binary,True,SubscribeTermDeposit,roc_auc,,,SubscribeTermDeposit,,,,,2,2,True,45211.0,13,2,45211.0,bank-marketing,363618,,,,,,,,random,,,,,finance,2012,UCI,1,1,30140.666666666668,15070.333333333334,30140.666666666668,15070.333333333334,2,2,13,13,r1f1,0.1169848045829554,7.548118737001324,
bank-marketing,binary,True,SubscribeTermDeposit,roc_auc,,,SubscribeTermDeposit,,,,,2,2,True,45211.0,13,2,45211.0,bank-marketing,363618,,,,,,,,random,,,,,finance,2012,UCI,1,2,30140.666666666668,15070.333333333334,30140.666666666668,15070.333333333334,2,2,13,13,r1f2,0.1169848045829554,7.548118737001324,
bank-marketing,binary,True,SubscribeTermDeposit,roc_auc,,,SubscribeTermDeposit,,,,,2,2,True,45211.0,13,2,45211.0,bank-marketing,363618,,,,,,,,random,,,,,finance,2012,UCI,2,0,30140.666666666668,15070.333333333334,30140.666666666668,15070.333333333334,2,2,13,13,r2f0,0.1169848045829554,7.548118737001324,
bank-marketing,binary,True,SubscribeTermDeposit,roc_auc,,,SubscribeTermDeposit,,,,,2,2,True,45211.0,13,2,45211.0,bank-marketing,363618,,,,,,,,random,,,,,finance,2012,UCI,2,1,30140.666666666668,15070.333333333334,30140.666666666668,15070.333333333334,2,2,13,13,r2f1,0.1169848045829554,7.548118737001324,
bank-marketing,binary,True,SubscribeTermDeposit,roc_auc,,,SubscribeTermDeposit,,,,,2,2,True,45211.0,13,2,45211.0,bank-marketing,363618,,,,,,,,random,,,,,finance,2012,UCI,2,2,30140.666666666668,15070.333333333334,30140.666666666668,15070.333333333334,2,2,13,13,r2f2,0.1169848045829554,7.548118737001324,
Bank_Customer_Churn,binary,True,churn,roc_auc,,,churn,,,,,2,2,True,10000.0,10,2,10000.0,Bank_Customer_Churn,363619,,,,,,,,random,,,,,finance,2020,Kaggle,0,0,6666.666666666667,3333.3333333333335,6666.666666666667,3333.3333333333335,2,2,10,10,r0f0,0.2037,3.9091801669121256,
Bank_Customer_Churn,binary,True,churn,roc_auc,,,churn,,,,,2,2,True,10000.0,10,2,10000.0,Bank_Customer_Churn,363619,,,,,,,,random,,,,,finance,2020,Kaggle,0,1,6666.666666666667,3333.3333333333335,6666.666666666667,3333.3333333333335,2,2,10,10,r0f1,0.2037,3.9091801669121256,
Bank_Customer_Churn,binary,True,churn,roc_auc,,,churn,,,,,2,2,True,10000.0,10,2,10000.0,Bank_Customer_Churn,363619,,,,,,,,random,,,,,finance,2020,Kaggle,0,2,6666.666666666667,3333.3333333333335,6666.666666666667,3333.3333333333335,2,2,10,10,r0f2,0.2037,3.9091801669121256,
Bank_Customer_Churn,binary,True,churn,roc_auc,,,churn,,,,,2,2,True,10000.0,10,2,10000.0,Bank_Customer_Churn,363619,,,,,,,,random,,,,,finance,2020,Kaggle,1,0,6666.666666666667,3333.3333333333335,6666.666666666667,3333.3333333333335,2,2,10,10,r1f0,0.2037,3.9091801669121256,
Bank_Customer_Churn,binary,True,churn,roc_auc,,,churn,,,,,2,2,True,10000.0,10,2,10000.0,Bank_Customer_Churn,363619,,,,,,,,random,,,,,finance,2020,Kaggle,1,1,6666.666666666667,3333.3333333333335,6666.666666666667,3333.3333333333335,2,2,10,10,r1f1,0.2037,3.9091801669121256,
Bank_Customer_Churn,binary,True,churn,roc_auc,,,churn,,,,,2,2,True,10000.0,10,2,10000.0,Bank_Customer_Churn,363619,,,,,,,,random,,,,,finance,2020,Kaggle,1,2,6666.666666666667,3333.3333333333335,6666.666666666667,3333.3333333333335,2,2,10,10,r1f2,0.2037,3.9091801669121256,
Bank_Customer_Churn,binary,True,churn,roc_auc,,,churn,,,,,2,2,True,10000.0,10,2,10000.0,Bank_Customer_Churn,363619,,,,,,,,random,,,,,finance,2020,Kaggle,2,0,6666.666666666667,3333.3333333333335,6666.666666666667,3333.3333333333335,2,2,10,10,r2f0,0.2037,3.9091801669121256,
Bank_Customer_Churn,binary,True,churn,roc_auc,,,churn,,,,,2,2,True,10000.0,10,2,10000.0,Bank_Customer_Churn,363619,,,,,,,,random,,,,,finance,2020,Kaggle,2,1,6666.666666666667,3333.3333333333335,6666.666666666667,3333.3333333333335,2,2,10,10,r2f1,0.2037,3.9091801669121256,
Bank_Customer_Churn,binary,True,churn,roc_auc,,,churn,,,,,2,2,True,10000.0,10,2,10000.0,Bank_Customer_Churn,363619,,,,,,,,random,,,,,finance,2020,Kaggle,2,2,6666.666666666667,3333.3333333333335,6666.666666666667,3333.3333333333335,2,2,10,10,r2f2,0.2037,3.9091801669121256,
Bioresponse,binary,True,MoleculeElicitsResponse,roc_auc,,,MoleculeElicitsResponse,,,,,2,2,True,3751.0,1776,2,3751.0,Bioresponse,363620,,,,,,,,random,,,,,biology & life sciences,2012,Kaggle,0,0,2500.6666666666665,1250.3333333333333,2500.6666666666665,1250.3333333333333,2,2,1776,1776,r0f0,0.4577446014396161,1.1846243447874198,
Bioresponse,binary,True,MoleculeElicitsResponse,roc_auc,,,MoleculeElicitsResponse,,,,,2,2,True,3751.0,1776,2,3751.0,Bioresponse,363620,,,,,,,,random,,,,,biology & life sciences,2012,Kaggle,0,1,2500.6666666666665,1250.3333333333333,2500.6666666666665,1250.3333333333333,2,2,1776,1776,r0f1,0.4577446014396161,1.1846243447874198,
Bioresponse,binary,True,MoleculeElicitsResponse,roc_auc,,,MoleculeElicitsResponse,,,,,2,2,True,3751.0,1776,2,3751.0,Bioresponse,363620,,,,,,,,random,,,,,biology & life sciences,2012,Kaggle,0,2,2500.6666666666665,1250.3333333333333,2500.6666666666665,1250.3333333333333,2,2,1776,1776,r0f2,0.4577446014396161,1.1846243447874198,
Bioresponse,binary,True,MoleculeElicitsResponse,roc_auc,,,MoleculeElicitsResponse,,,,,2,2,True,3751.0,1776,2,3751.0,Bioresponse,363620,,,,,,,,random,,,,,biology & life sciences,2012,Kaggle,1,0,2500.6666666666665,1250.3333333333333,2500.6666666666665,1250.3333333333333,2,2,1776,1776,r1f0,0.4577446014396161,1.1846243447874198,
Bioresponse,binary,True,MoleculeElicitsResponse,roc_auc,,,MoleculeElicitsResponse,,,,,2,2,True,3751.0,1776,2,3751.0,Bioresponse,363620,,,,,,,,random,,,,,biology & life sciences,2012,Kaggle,1,1,2500.6666666666665,1250.3333333333333,2500.6666666666665,1250.3333333333333,2,2,1776,1776,r1f1,0.4577446014396161,1.1846243447874198,
Bioresponse,binary,True,MoleculeElicitsResponse,roc_auc,,,MoleculeElicitsResponse,,,,,2,2,True,3751.0,1776,2,3751.0,Bioresponse,363620,,,,,,,,random,,,,,biology & life sciences,2012,Kaggle,1,2,2500.6666666666665,1250.3333333333333,2500.6666666666665,1250.3333333333333,2,2,1776,1776,r1f2,0.4577446014396161,1.1846243447874198,
Bioresponse,binary,True,MoleculeElicitsResponse,roc_auc,,,MoleculeElicitsResponse,,,,,2,2,True,3751.0,1776,2,3751.0,Bioresponse,363620,,,,,,,,random,,,,,biology & life sciences,2012,Kaggle,2,0,2500.6666666666665,1250.3333333333333,2500.6666666666665,1250.3333333333333,2,2,1776,1776,r2f0,0.4577446014396161,1.1846243447874198,
Bioresponse,binary,True,MoleculeElicitsResponse,roc_auc,,,MoleculeElicitsResponse,,,,,2,2,True,3751.0,1776,2,3751.0,Bioresponse,363620,,,,,,,,random,,,,,biology & life sciences,2012,Kaggle,2,1,2500.6666666666665,1250.3333333333333,2500.6666666666665,1250.3333333333333,2,2,1776,1776,r2f1,0.4577446014396161,1.1846243447874198,
Bioresponse,binary,True,MoleculeElicitsResponse,roc_auc,,,MoleculeElicitsResponse,,,,,2,2,True,3751.0,1776,2,3751.0,Bioresponse,363620,,,,,,,,random,,,,,biology & life sciences,2012,Kaggle,2,2,2500.6666666666665,1250.3333333333333,2500.6666666666665,1250.3333333333333,2,2,1776,1776,r2f2,0.4577446014396161,1.1846243447874198,
blood-transfusion-service-center,binary,True,DonatedBloodInMarch2007,roc_auc,,,DonatedBloodInMarch2007,,,,,2,2,True,748.0,4,2,748.0,blood-transfusion-service-center,363621,,,,,,,,random,,,,,medical & healthcare,2008,UCI,0,0,498.6666666666667,249.33333333333334,498.6666666666667,249.33333333333334,2,2,4,4,r0f0,0.2379679144385026,3.202247191011236,
blood-transfusion-service-center,binary,True,DonatedBloodInMarch2007,roc_auc,,,DonatedBloodInMarch2007,,,,,2,2,True,748.0,4,2,748.0,blood-transfusion-service-center,363621,,,,,,,,random,,,,,medical & healthcare,2008,UCI,0,1,498.6666666666667,249.33333333333334,498.6666666666667,249.33333333333334,2,2,4,4,r0f1,0.2379679144385026,3.202247191011236,
blood-transfusion-service-center,binary,True,DonatedBloodInMarch2007,roc_auc,,,DonatedBloodInMarch2007,,,,,2,2,True,748.0,4,2,748.0,blood-transfusion-service-center,363621,,,,,,,,random,,,,,medical & healthcare,2008,UCI,0,2,498.6666666666667,249.33333333333334,498.6666666666667,249.33333333333334,2,2,4,4,r0f2,0.2379679144385026,3.202247191011236,
blood-transfusion-service-center,binary,True,DonatedBloodInMarch2007,roc_auc,,,DonatedBloodInMarch2007,,,,,2,2,True,748.0,4,2,748.0,blood-transfusion-service-center,363621,,,,,,,,random,,,,,medical & healthcare,2008,UCI,1,0,498.6666666666667,249.33333333333334,498.6666666666667,249.33333333333334,2,2,4,4,r1f0,0.2379679144385026,3.202247191011236,
blood-transfusion-service-center,binary,True,DonatedBloodInMarch2007,roc_auc,,,DonatedBloodInMarch2007,,,,,2,2,True,748.0,4,2,748.0,blood-transfusion-service-center,363621,,,,,,,,random,,,,,medical & healthcare,2008,UCI,1,1,498.6666666666667,249.33333333333334,498.6666666666667,249.33333333333334,2,2,4,4,r1f1,0.2379679144385026,3.202247191011236,
blood-transfusion-service-center,binary,True,DonatedBloodInMarch2007,roc_auc,,,DonatedBloodInMarch2007,,,,,2,2,True,748.0,4,2,748.0,blood-transfusion-service-center,363621,,,,,,,,random,,,,,medical & healthcare,2008,UCI,1,2,498.6666666666667,249.33333333333334,498.6666666666667,249.33333333333334,2,2,4,4,r1f2,0.2379679144385026,3.202247191011236,
blood-transfusion-service-center,binary,True,DonatedBloodInMarch2007,roc_auc,,,DonatedBloodInMarch2007,,,,,2,2,True,748.0,4,2,748.0,blood-transfusion-service-center,363621,,,,,,,,random,,,,,medical & healthcare,2008,UCI,2,0,498.6666666666667,249.33333333333334,498.6666666666667,249.33333333333334,2,2,4,4,r2f0,0.2379679144385026,3.202247191011236,
blood-transfusion-service-center,binary,True,DonatedBloodInMarch2007,roc_auc,,,DonatedBloodInMarch2007,,,,,2,2,True,748.0,4,2,748.0,blood-transfusion-service-center,363621,,,,,,,,random,,,,,medical & healthcare,2008,UCI,2,1,498.6666666666667,249.33333333333334,498.6666666666667,249.33333333333334,2,2,4,4,r2f1,0.2379679144385026,3.202247191011236,
blood-transfusion-service-center,binary,True,DonatedBloodInMarch2007,roc_auc,,,DonatedBloodInMarch2007,,,,,2,2,True,748.0,4,2,748.0,blood-transfusion-service-center,363621,,,,,,,,random,,,,,medical & healthcare,2008,UCI,2,2,498.6666666666667,249.33333333333334,498.6666666666667,249.33333333333334,2,2,4,4,r2f2,0.2379679144385026,3.202247191011236,
blood-transfusion-service-center,binary,True,DonatedBloodInMarch2007,roc_auc,,,DonatedBloodInMarch2007,,,,,2,2,True,748.0,4,2,748.0,blood-transfusion-service-center,363621,,,,,,,,random,,,,,medical & healthcare,2008,UCI,3,0,498.6666666666667,249.33333333333334,498.6666666666667,249.33333333333334,2,2,4,4,r3f0,0.2379679144385026,3.202247191011236,
blood-transfusion-service-center,binary,True,DonatedBloodInMarch2007,roc_auc,,,DonatedBloodInMarch2007,,,,,2,2,True,748.0,4,2,748.0,blood-transfusion-service-center,363621,,,,,,,,random,,,,,medical & healthcare,2008,UCI,3,1,498.6666666666667,249.33333333333334,498.6666666666667,249.33333333333334,2,2,4,4,r3f1,0.2379679144385026,3.202247191011236,
blood-transfusion-service-center,binary,True,DonatedBloodInMarch2007,roc_auc,,,DonatedBloodInMarch2007,,,,,2,2,True,748.0,4,2,748.0,blood-transfusion-service-center,363621,,,,,,,,random,,,,,medical & healthcare,2008,UCI,3,2,498.6666666666667,249.33333333333334,498.6666666666667,249.33333333333334,2,2,4,4,r3f2,0.2379679144385026,3.202247191011236,
blood-transfusion-service-center,binary,True,DonatedBloodInMarch2007,roc_auc,,,DonatedBloodInMarch2007,,,,,2,2,True,748.0,4,2,748.0,blood-transfusion-service-center,363621,,,,,,,,random,,,,,medical & healthcare,2008,UCI,4,0,498.6666666666667,249.33333333333334,498.6666666666667,249.33333333333334,2,2,4,4,r4f0,0.2379679144385026,3.202247191011236,
blood-transfusion-service-center,binary,True,DonatedBloodInMarch2007,roc_auc,,,DonatedBloodInMarch2007,,,,,2,2,True,748.0,4,2,748.0,blood-transfusion-service-center,363621,,,,,,,,random,,,,,medical & healthcare,2008,UCI,4,1,498.6666666666667,249.33333333333334,498.6666666666667,249.33333333333334,2,2,4,4,r4f1,0.2379679144385026,3.202247191011236,
blood-transfusion-service-center,binary,True,DonatedBloodInMarch2007,roc_auc,,,DonatedBloodInMarch2007,,,,,2,2,True,748.0,4,2,748.0,blood-transfusion-service-center,363621,,,,,,,,random,,,,,medical & healthcare,2008,UCI,4,2,498.6666666666667,249.33333333333334,498.6666666666667,249.33333333333334,2,2,4,4,r4f2,0.2379679144385026,3.202247191011236,
blood-transfusion-service-center,binary,True,DonatedBloodInMarch2007,roc_auc,,,DonatedBloodInMarch2007,,,,,2,2,True,748.0,4,2,748.0,blood-transfusion-service-center,363621,,,,,,,,random,,,,,medical & healthcare,2008,UCI,5,0,498.6666666666667,249.33333333333334,498.6666666666667,249.33333333333334,2,2,4,4,r5f0,0.2379679144385026,3.202247191011236,
blood-transfusion-service-center,binary,True,DonatedBloodInMarch2007,roc_auc,,,DonatedBloodInMarch2007,,,,,2,2,True,748.0,4,2,748.0,blood-transfusion-service-center,363621,,,,,,,,random,,,,,medical & healthcare,2008,UCI,5,1,498.6666666666667,249.33333333333334,498.6666666666667,249.33333333333334,2,2,4,4,r5f1,0.2379679144385026,3.202247191011236,
blood-transfusion-service-center,binary,True,DonatedBloodInMarch2007,roc_auc,,,DonatedBloodInMarch2007,,,,,2,2,True,748.0,4,2,748.0,blood-transfusion-service-center,363621,,,,,,,,random,,,,,medical & healthcare,2008,UCI,5,2,498.6666666666667,249.33333333333334,498.6666666666667,249.33333333333334,2,2,4,4,r5f2,0.2379679144385026,3.202247191011236,
blood-transfusion-service-center,binary,True,DonatedBloodInMarch2007,roc_auc,,,DonatedBloodInMarch2007,,,,,2,2,True,748.0,4,2,748.0,blood-transfusion-service-center,363621,,,,,,,,random,,,,,medical & healthcare,2008,UCI,6,0,498.6666666666667,249.33333333333334,498.6666666666667,249.33333333333334,2,2,4,4,r6f0,0.2379679144385026,3.202247191011236,
blood-transfusion-service-center,binary,True,DonatedBloodInMarch2007,roc_auc,,,DonatedBloodInMarch2007,,,,,2,2,True,748.0,4,2,748.0,blood-transfusion-service-center,363621,,,,,,,,random,,,,,medical & healthcare,2008,UCI,6,1,498.6666666666667,249.33333333333334,498.6666666666667,249.33333333333334,2,2,4,4,r6f1,0.2379679144385026,3.202247191011236,
blood-transfusion-service-center,binary,True,DonatedBloodInMarch2007,roc_auc,,,DonatedBloodInMarch2007,,,,,2,2,True,748.0,4,2,748.0,blood-transfusion-service-center,363621,,,,,,,,random,,,,,medical & healthcare,2008,UCI,6,2,498.6666666666667,249.33333333333334,498.6666666666667,249.33333333333334,2,2,4,4,r6f2,0.2379679144385026,3.202247191011236,
blood-transfusion-service-center,binary,True,DonatedBloodInMarch2007,roc_auc,,,DonatedBloodInMarch2007,,,,,2,2,True,748.0,4,2,748.0,blood-transfusion-service-center,363621,,,,,,,,random,,,,,medical & healthcare,2008,UCI,7,0,498.6666666666667,249.33333333333334,498.6666666666667,249.33333333333334,2,2,4,4,r7f0,0.2379679144385026,3.202247191011236,
blood-transfusion-service-center,binary,True,DonatedBloodInMarch2007,roc_auc,,,DonatedBloodInMarch2007,,,,,2,2,True,748.0,4,2,748.0,blood-transfusion-service-center,363621,,,,,,,,random,,,,,medical & healthcare,2008,UCI,7,1,498.6666666666667,249.33333333333334,498.6666666666667,249.33333333333334,2,2,4,4,r7f1,0.2379679144385026,3.202247191011236,
blood-transfusion-service-center,binary,True,DonatedBloodInMarch2007,roc_auc,,,DonatedBloodInMarch2007,,,,,2,2,True,748.0,4,2,748.0,blood-transfusion-service-center,363621,,,,,,,,random,,,,,medical & healthcare,2008,UCI,7,2,498.6666666666667,249.33333333333334,498.6666666666667,249.33333333333334,2,2,4,4,r7f2,0.2379679144385026,3.202247191011236,
blood-transfusion-service-center,binary,True,DonatedBloodInMarch2007,roc_auc,,,DonatedBloodInMarch2007,,,,,2,2,True,748.0,4,2,748.0,blood-transfusion-service-center,363621,,,,,,,,random,,,,,medical & healthcare,2008,UCI,8,0,498.6666666666667,249.33333333333334,498.6666666666667,249.33333333333334,2,2,4,4,r8f0,0.2379679144385026,3.202247191011236,
blood-transfusion-service-center,binary,True,DonatedBloodInMarch2007,roc_auc,,,DonatedBloodInMarch2007,,,,,2,2,True,748.0,4,2,748.0,blood-transfusion-service-center,363621,,,,,,,,random,,,,,medical & healthcare,2008,UCI,8,1,498.6666666666667,249.33333333333334,498.6666666666667,249.33333333333334,2,2,4,4,r8f1,0.2379679144385026,3.202247191011236,
blood-transfusion-service-center,binary,True,DonatedBloodInMarch2007,roc_auc,,,DonatedBloodInMarch2007,,,,,2,2,True,748.0,4,2,748.0,blood-transfusion-service-center,363621,,,,,,,,random,,,,,medical & healthcare,2008,UCI,8,2,498.6666666666667,249.33333333333334,498.6666666666667,249.33333333333334,2,2,4,4,r8f2,0.2379679144385026,3.202247191011236,
blood-transfusion-service-center,binary,True,DonatedBloodInMarch2007,roc_auc,,,DonatedBloodInMarch2007,,,,,2,2,True,748.0,4,2,748.0,blood-transfusion-service-center,363621,,,,,,,,random,,,,,medical & healthcare,2008,UCI,9,0,498.6666666666667,249.33333333333334,498.6666666666667,249.33333333333334,2,2,4,4,r9f0,0.2379679144385026,3.202247191011236,
blood-transfusion-service-center,binary,True,DonatedBloodInMarch2007,roc_auc,,,DonatedBloodInMarch2007,,,,,2,2,True,748.0,4,2,748.0,blood-transfusion-service-center,363621,,,,,,,,random,,,,,medical & healthcare,2008,UCI,9,1,498.6666666666667,249.33333333333334,498.6666666666667,249.33333333333334,2,2,4,4,r9f1,0.2379679144385026,3.202247191011236,
blood-transfusion-service-center,binary,True,DonatedBloodInMarch2007,roc_auc,,,DonatedBloodInMarch2007,,,,,2,2,True,748.0,4,2,748.0,blood-transfusion-service-center,363621,,,,,,,,random,,,,,medical & healthcare,2008,UCI,9,2,498.6666666666667,249.33333333333334,498.6666666666667,249.33333333333334,2,2,4,4,r9f2,0.2379679144385026,3.202247191011236,
churn,binary,True,CustomerChurned,roc_auc,,,CustomerChurned,,,,,2,2,True,5000.0,19,2,5000.0,churn,363623,,,,,,,,random,,,,,business & marketing,2005,OpenML,0,0,3333.3333333333335,1666.6666666666667,3333.3333333333335,1666.6666666666667,2,2,19,19,r0f0,0.1414,6.072135785007072,
churn,binary,True,CustomerChurned,roc_auc,,,CustomerChurned,,,,,2,2,True,5000.0,19,2,5000.0,churn,363623,,,,,,,,random,,,,,business & marketing,2005,OpenML,0,1,3333.3333333333335,1666.6666666666667,3333.3333333333335,1666.6666666666667,2,2,19,19,r0f1,0.1414,6.072135785007072,
churn,binary,True,CustomerChurned,roc_auc,,,CustomerChurned,,,,,2,2,True,5000.0,19,2,5000.0,churn,363623,,,,,,,,random,,,,,business & marketing,2005,OpenML,0,2,3333.3333333333335,1666.6666666666667,3333.3333333333335,1666.6666666666667,2,2,19,19,r0f2,0.1414,6.072135785007072,
churn,binary,True,CustomerChurned,roc_auc,,,CustomerChurned,,,,,2,2,True,5000.0,19,2,5000.0,churn,363623,,,,,,,,random,,,,,business & marketing,2005,OpenML,1,0,3333.3333333333335,1666.6666666666667,3333.3333333333335,1666.6666666666667,2,2,19,19,r1f0,0.1414,6.072135785007072,
churn,binary,True,CustomerChurned,roc_auc,,,CustomerChurned,,,,,2,2,True,5000.0,19,2,5000.0,churn,363623,,,,,,,,random,,,,,business & marketing,2005,OpenML,1,1,3333.3333333333335,1666.6666666666667,3333.3333333333335,1666.6666666666667,2,2,19,19,r1f1,0.1414,6.072135785007072,
churn,binary,True,CustomerChurned,roc_auc,,,CustomerChurned,,,,,2,2,True,5000.0,19,2,5000.0,churn,363623,,,,,,,,random,,,,,business & marketing,2005,OpenML,1,2,3333.3333333333335,1666.6666666666667,3333.3333333333335,1666.6666666666667,2,2,19,19,r1f2,0.1414,6.072135785007072,
churn,binary,True,CustomerChurned,roc_auc,,,CustomerChurned,,,,,2,2,True,5000.0,19,2,5000.0,churn,363623,,,,,,,,random,,,,,business & marketing,2005,OpenML,2,0,3333.3333333333335,1666.6666666666667,3333.3333333333335,1666.6666666666667,2,2,19,19,r2f0,0.1414,6.072135785007072,
churn,binary,True,CustomerChurned,roc_auc,,,CustomerChurned,,,,,2,2,True,5000.0,19,2,5000.0,churn,363623,,,,,,,,random,,,,,business & marketing,2005,OpenML,2,1,3333.3333333333335,1666.6666666666667,3333.3333333333335,1666.6666666666667,2,2,19,19,r2f1,0.1414,6.072135785007072,
churn,binary,True,CustomerChurned,roc_auc,,,CustomerChurned,,,,,2,2,True,5000.0,19,2,5000.0,churn,363623,,,,,,,,random,,,,,business & marketing,2005,OpenML,2,2,3333.3333333333335,1666.6666666666667,3333.3333333333335,1666.6666666666667,2,2,19,19,r2f2,0.1414,6.072135785007072,
coil2000_insurance_policies,binary,True,MobileHomePolicy,roc_auc,,,MobileHomePolicy,,,,,2,2,True,9822.0,85,2,9822.0,coil2000_insurance_policies,363624,,,,,,,,random,,,,,business & marketing,2000,UCI,0,0,6548.0,3274.0,6548.0,3274.0,2,2,85,85,r0f0,0.0596619833027896,15.761092150170647,
coil2000_insurance_policies,binary,True,MobileHomePolicy,roc_auc,,,MobileHomePolicy,,,,,2,2,True,9822.0,85,2,9822.0,coil2000_insurance_policies,363624,,,,,,,,random,,,,,business & marketing,2000,UCI,0,1,6548.0,3274.0,6548.0,3274.0,2,2,85,85,r0f1,0.0596619833027896,15.761092150170647,
coil2000_insurance_policies,binary,True,MobileHomePolicy,roc_auc,,,MobileHomePolicy,,,,,2,2,True,9822.0,85,2,9822.0,coil2000_insurance_policies,363624,,,,,,,,random,,,,,business & marketing,2000,UCI,0,2,6548.0,3274.0,6548.0,3274.0,2,2,85,85,r0f2,0.0596619833027896,15.761092150170647,
coil2000_insurance_policies,binary,True,MobileHomePolicy,roc_auc,,,MobileHomePolicy,,,,,2,2,True,9822.0,85,2,9822.0,coil2000_insurance_policies,363624,,,,,,,,random,,,,,business & marketing,2000,UCI,1,0,6548.0,3274.0,6548.0,3274.0,2,2,85,85,r1f0,0.0596619833027896,15.761092150170647,
coil2000_insurance_policies,binary,True,MobileHomePolicy,roc_auc,,,MobileHomePolicy,,,,,2,2,True,9822.0,85,2,9822.0,coil2000_insurance_policies,363624,,,,,,,,random,,,,,business & marketing,2000,UCI,1,1,6548.0,3274.0,6548.0,3274.0,2,2,85,85,r1f1,0.0596619833027896,15.761092150170647,
coil2000_insurance_policies,binary,True,MobileHomePolicy,roc_auc,,,MobileHomePolicy,,,,,2,2,True,9822.0,85,2,9822.0,coil2000_insurance_policies,363624,,,,,,,,random,,,,,business & marketing,2000,UCI,1,2,6548.0,3274.0,6548.0,3274.0,2,2,85,85,r1f2,0.0596619833027896,15.761092150170647,
coil2000_insurance_policies,binary,True,MobileHomePolicy,roc_auc,,,MobileHomePolicy,,,,,2,2,True,9822.0,85,2,9822.0,coil2000_insurance_policies,363624,,,,,,,,random,,,,,business & marketing,2000,UCI,2,0,6548.0,3274.0,6548.0,3274.0,2,2,85,85,r2f0,0.0596619833027896,15.761092150170647,
coil2000_insurance_policies,binary,True,MobileHomePolicy,roc_auc,,,MobileHomePolicy,,,,,2,2,True,9822.0,85,2,9822.0,coil2000_insurance_policies,363624,,,,,,,,random,,,,,business & marketing,2000,UCI,2,1,6548.0,3274.0,6548.0,3274.0,2,2,85,85,r2f1,0.0596619833027896,15.761092150170647,
coil2000_insurance_policies,binary,True,MobileHomePolicy,roc_auc,,,MobileHomePolicy,,,,,2,2,True,9822.0,85,2,9822.0,coil2000_insurance_policies,363624,,,,,,,,random,,,,,business & marketing,2000,UCI,2,2,6548.0,3274.0,6548.0,3274.0,2,2,85,85,r2f2,0.0596619833027896,15.761092150170647,
concrete_compressive_strength,regression,False,ConcreteCompressiveStrength,rmse,,,,,,,,-1,-1,True,1030.0,8,-1,1030.0,concrete_compressive_strength,363625,,,,,,,,random,,,,,chemistry & material science,1998,UCI,0,0,686.6666666666666,343.3333333333333,686.6666666666666,343.3333333333333,-1,-1,8,8,r0f0,,,0.4163148681126191
concrete_compressive_strength,regression,False,ConcreteCompressiveStrength,rmse,,,,,,,,-1,-1,True,1030.0,8,-1,1030.0,concrete_compressive_strength,363625,,,,,,,,random,,,,,chemistry & material science,1998,UCI,0,1,686.6666666666666,343.3333333333333,686.6666666666666,343.3333333333333,-1,-1,8,8,r0f1,,,0.4163148681126191
concrete_compressive_strength,regression,False,ConcreteCompressiveStrength,rmse,,,,,,,,-1,-1,True,1030.0,8,-1,1030.0,concrete_compressive_strength,363625,,,,,,,,random,,,,,chemistry & material science,1998,UCI,0,2,686.6666666666666,343.3333333333333,686.6666666666666,343.3333333333333,-1,-1,8,8,r0f2,,,0.4163148681126191
concrete_compressive_strength,regression,False,ConcreteCompressiveStrength,rmse,,,,,,,,-1,-1,True,1030.0,8,-1,1030.0,concrete_compressive_strength,363625,,,,,,,,random,,,,,chemistry & material science,1998,UCI,1,0,686.6666666666666,343.3333333333333,686.6666666666666,343.3333333333333,-1,-1,8,8,r1f0,,,0.4163148681126191
concrete_compressive_strength,regression,False,ConcreteCompressiveStrength,rmse,,,,,,,,-1,-1,True,1030.0,8,-1,1030.0,concrete_compressive_strength,363625,,,,,,,,random,,,,,chemistry & material science,1998,UCI,1,1,686.6666666666666,343.3333333333333,686.6666666666666,343.3333333333333,-1,-1,8,8,r1f1,,,0.4163148681126191
concrete_compressive_strength,regression,False,ConcreteCompressiveStrength,rmse,,,,,,,,-1,-1,True,1030.0,8,-1,1030.0,concrete_compressive_strength,363625,,,,,,,,random,,,,,chemistry & material science,1998,UCI,1,2,686.6666666666666,343.3333333333333,686.6666666666666,343.3333333333333,-1,-1,8,8,r1f2,,,0.4163148681126191
concrete_compressive_strength,regression,False,ConcreteCompressiveStrength,rmse,,,,,,,,-1,-1,True,1030.0,8,-1,1030.0,concrete_compressive_strength,363625,,,,,,,,random,,,,,chemistry & material science,1998,UCI,2,0,686.6666666666666,343.3333333333333,686.6666666666666,343.3333333333333,-1,-1,8,8,r2f0,,,0.4163148681126191
concrete_compressive_strength,regression,False,ConcreteCompressiveStrength,rmse,,,,,,,,-1,-1,True,1030.0,8,-1,1030.0,concrete_compressive_strength,363625,,,,,,,,random,,,,,chemistry & material science,1998,UCI,2,1,686.6666666666666,343.3333333333333,686.6666666666666,343.3333333333333,-1,-1,8,8,r2f1,,,0.4163148681126191
concrete_compressive_strength,regression,False,ConcreteCompressiveStrength,rmse,,,,,,,,-1,-1,True,1030.0,8,-1,1030.0,concrete_compressive_strength,363625,,,,,,,,random,,,,,chemistry & material science,1998,UCI,2,2,686.6666666666666,343.3333333333333,686.6666666666666,343.3333333333333,-1,-1,8,8,r2f2,,,0.4163148681126191
concrete_compressive_strength,regression,False,ConcreteCompressiveStrength,rmse,,,,,,,,-1,-1,True,1030.0,8,-1,1030.0,concrete_compressive_strength,363625,,,,,,,,random,,,,,chemistry & material science,1998,UCI,3,0,686.6666666666666,343.3333333333333,686.6666666666666,343.3333333333333,-1,-1,8,8,r3f0,,,0.4163148681126191
concrete_compressive_strength,regression,False,ConcreteCompressiveStrength,rmse,,,,,,,,-1,-1,True,1030.0,8,-1,1030.0,concrete_compressive_strength,363625,,,,,,,,random,,,,,chemistry & material science,1998,UCI,3,1,686.6666666666666,343.3333333333333,686.6666666666666,343.3333333333333,-1,-1,8,8,r3f1,,,0.4163148681126191
concrete_compressive_strength,regression,False,ConcreteCompressiveStrength,rmse,,,,,,,,-1,-1,True,1030.0,8,-1,1030.0,concrete_compressive_strength,363625,,,,,,,,random,,,,,chemistry & material science,1998,UCI,3,2,686.6666666666666,343.3333333333333,686.6666666666666,343.3333333333333,-1,-1,8,8,r3f2,,,0.4163148681126191
concrete_compressive_strength,regression,False,ConcreteCompressiveStrength,rmse,,,,,,,,-1,-1,True,1030.0,8,-1,1030.0,concrete_compressive_strength,363625,,,,,,,,random,,,,,chemistry & material science,1998,UCI,4,0,686.6666666666666,343.3333333333333,686.6666666666666,343.3333333333333,-1,-1,8,8,r4f0,,,0.4163148681126191
concrete_compressive_strength,regression,False,ConcreteCompressiveStrength,rmse,,,,,,,,-1,-1,True,1030.0,8,-1,1030.0,concrete_compressive_strength,363625,,,,,,,,random,,,,,chemistry & material science,1998,UCI,4,1,686.6666666666666,343.3333333333333,686.6666666666666,343.3333333333333,-1,-1,8,8,r4f1,,,0.4163148681126191
concrete_compressive_strength,regression,False,ConcreteCompressiveStrength,rmse,,,,,,,,-1,-1,True,1030.0,8,-1,1030.0,concrete_compressive_strength,363625,,,,,,,,random,,,,,chemistry & material science,1998,UCI,4,2,686.6666666666666,343.3333333333333,686.6666666666666,343.3333333333333,-1,-1,8,8,r4f2,,,0.4163148681126191
concrete_compressive_strength,regression,False,ConcreteCompressiveStrength,rmse,,,,,,,,-1,-1,True,1030.0,8,-1,1030.0,concrete_compressive_strength,363625,,,,,,,,random,,,,,chemistry & material science,1998,UCI,5,0,686.6666666666666,343.3333333333333,686.6666666666666,343.3333333333333,-1,-1,8,8,r5f0,,,0.4163148681126191
concrete_compressive_strength,regression,False,ConcreteCompressiveStrength,rmse,,,,,,,,-1,-1,True,1030.0,8,-1,1030.0,concrete_compressive_strength,363625,,,,,,,,random,,,,,chemistry & material science,1998,UCI,5,1,686.6666666666666,343.3333333333333,686.6666666666666,343.3333333333333,-1,-1,8,8,r5f1,,,0.4163148681126191
concrete_compressive_strength,regression,False,ConcreteCompressiveStrength,rmse,,,,,,,,-1,-1,True,1030.0,8,-1,1030.0,concrete_compressive_strength,363625,,,,,,,,random,,,,,chemistry & material science,1998,UCI,5,2,686.6666666666666,343.3333333333333,686.6666666666666,343.3333333333333,-1,-1,8,8,r5f2,,,0.4163148681126191
concrete_compressive_strength,regression,False,ConcreteCompressiveStrength,rmse,,,,,,,,-1,-1,True,1030.0,8,-1,1030.0,concrete_compressive_strength,363625,,,,,,,,random,,,,,chemistry & material science,1998,UCI,6,0,686.6666666666666,343.3333333333333,686.6666666666666,343.3333333333333,-1,-1,8,8,r6f0,,,0.4163148681126191
concrete_compressive_strength,regression,False,ConcreteCompressiveStrength,rmse,,,,,,,,-1,-1,True,1030.0,8,-1,1030.0,concrete_compressive_strength,363625,,,,,,,,random,,,,,chemistry & material science,1998,UCI,6,1,686.6666666666666,343.3333333333333,686.6666666666666,343.3333333333333,-1,-1,8,8,r6f1,,,0.4163148681126191
concrete_compressive_strength,regression,False,ConcreteCompressiveStrength,rmse,,,,,,,,-1,-1,True,1030.0,8,-1,1030.0,concrete_compressive_strength,363625,,,,,,,,random,,,,,chemistry & material science,1998,UCI,6,2,686.6666666666666,343.3333333333333,686.6666666666666,343.3333333333333,-1,-1,8,8,r6f2,,,0.4163148681126191
concrete_compressive_strength,regression,False,ConcreteCompressiveStrength,rmse,,,,,,,,-1,-1,True,1030.0,8,-1,1030.0,concrete_compressive_strength,363625,,,,,,,,random,,,,,chemistry & material science,1998,UCI,7,0,686.6666666666666,343.3333333333333,686.6666666666666,343.3333333333333,-1,-1,8,8,r7f0,,,0.4163148681126191
concrete_compressive_strength,regression,False,ConcreteCompressiveStrength,rmse,,,,,,,,-1,-1,True,1030.0,8,-1,1030.0,concrete_compressive_strength,363625,,,,,,,,random,,,,,chemistry & material science,1998,UCI,7,1,686.6666666666666,343.3333333333333,686.6666666666666,343.3333333333333,-1,-1,8,8,r7f1,,,0.4163148681126191
concrete_compressive_strength,regression,False,ConcreteCompressiveStrength,rmse,,,,,,,,-1,-1,True,1030.0,8,-1,1030.0,concrete_compressive_strength,363625,,,,,,,,random,,,,,chemistry & material science,1998,UCI,7,2,686.6666666666666,343.3333333333333,686.6666666666666,343.3333333333333,-1,-1,8,8,r7f2,,,0.4163148681126191
concrete_compressive_strength,regression,False,ConcreteCompressiveStrength,rmse,,,,,,,,-1,-1,True,1030.0,8,-1,1030.0,concrete_compressive_strength,363625,,,,,,,,random,,,,,chemistry & material science,1998,UCI,8,0,686.6666666666666,343.3333333333333,686.6666666666666,343.3333333333333,-1,-1,8,8,r8f0,,,0.4163148681126191
concrete_compressive_strength,regression,False,ConcreteCompressiveStrength,rmse,,,,,,,,-1,-1,True,1030.0,8,-1,1030.0,concrete_compressive_strength,363625,,,,,,,,random,,,,,chemistry & material science,1998,UCI,8,1,686.6666666666666,343.3333333333333,686.6666666666666,343.3333333333333,-1,-1,8,8,r8f1,,,0.4163148681126191
concrete_compressive_strength,regression,False,ConcreteCompressiveStrength,rmse,,,,,,,,-1,-1,True,1030.0,8,-1,1030.0,concrete_compressive_strength,363625,,,,,,,,random,,,,,chemistry & material science,1998,UCI,8,2,686.6666666666666,343.3333333333333,686.6666666666666,343.3333333333333,-1,-1,8,8,r8f2,,,0.4163148681126191
concrete_compressive_strength,regression,False,ConcreteCompressiveStrength,rmse,,,,,,,,-1,-1,True,1030.0,8,-1,1030.0,concrete_compressive_strength,363625,,,,,,,,random,,,,,chemistry & material science,1998,UCI,9,0,686.6666666666666,343.3333333333333,686.6666666666666,343.3333333333333,-1,-1,8,8,r9f0,,,0.4163148681126191
concrete_compressive_strength,regression,False,ConcreteCompressiveStrength,rmse,,,,,,,,-1,-1,True,1030.0,8,-1,1030.0,concrete_compressive_strength,363625,,,,,,,,random,,,,,chemistry & material science,1998,UCI,9,1,686.6666666666666,343.3333333333333,686.6666666666666,343.3333333333333,-1,-1,8,8,r9f1,,,0.4163148681126191
concrete_compressive_strength,regression,False,ConcreteCompressiveStrength,rmse,,,,,,,,-1,-1,True,1030.0,8,-1,1030.0,concrete_compressive_strength,363625,,,,,,,,random,,,,,chemistry & material science,1998,UCI,9,2,686.6666666666666,343.3333333333333,686.6666666666666,343.3333333333333,-1,-1,8,8,r9f2,,,0.4163148681126191
credit-g,binary,True,good_or_bad_customer,roc_auc,,,good_or_bad_customer,,,,,2,2,True,1000.0,20,2,1000.0,credit-g,363626,,,,,,,,random,,,,,finance,1994,UCI,0,0,666.6666666666666,333.3333333333333,666.6666666666666,333.3333333333333,2,2,20,20,r0f0,0.3,2.333333333333333,
credit-g,binary,True,good_or_bad_customer,roc_auc,,,good_or_bad_customer,,,,,2,2,True,1000.0,20,2,1000.0,credit-g,363626,,,,,,,,random,,,,,finance,1994,UCI,0,1,666.6666666666666,333.3333333333333,666.6666666666666,333.3333333333333,2,2,20,20,r0f1,0.3,2.333333333333333,
credit-g,binary,True,good_or_bad_customer,roc_auc,,,good_or_bad_customer,,,,,2,2,True,1000.0,20,2,1000.0,credit-g,363626,,,,,,,,random,,,,,finance,1994,UCI,0,2,666.6666666666666,333.3333333333333,666.6666666666666,333.3333333333333,2,2,20,20,r0f2,0.3,2.333333333333333,
credit-g,binary,True,good_or_bad_customer,roc_auc,,,good_or_bad_customer,,,,,2,2,True,1000.0,20,2,1000.0,credit-g,363626,,,,,,,,random,,,,,finance,1994,UCI,1,0,666.6666666666666,333.3333333333333,666.6666666666666,333.3333333333333,2,2,20,20,r1f0,0.3,2.333333333333333,
credit-g,binary,True,good_or_bad_customer,roc_auc,,,good_or_bad_customer,,,,,2,2,True,1000.0,20,2,1000.0,credit-g,363626,,,,,,,,random,,,,,finance,1994,UCI,1,1,666.6666666666666,333.3333333333333,666.6666666666666,333.3333333333333,2,2,20,20,r1f1,0.3,2.333333333333333,
credit-g,binary,True,good_or_bad_customer,roc_auc,,,good_or_bad_customer,,,,,2,2,True,1000.0,20,2,1000.0,credit-g,363626,,,,,,,,random,,,,,finance,1994,UCI,1,2,666.6666666666666,333.3333333333333,666.6666666666666,333.3333333333333,2,2,20,20,r1f2,0.3,2.333333333333333,
credit-g,binary,True,good_or_bad_customer,roc_auc,,,good_or_bad_customer,,,,,2,2,True,1000.0,20,2,1000.0,credit-g,363626,,,,,,,,random,,,,,finance,1994,UCI,2,0,666.6666666666666,333.3333333333333,666.6666666666666,333.3333333333333,2,2,20,20,r2f0,0.3,2.333333333333333,
credit-g,binary,True,good_or_bad_customer,roc_auc,,,good_or_bad_customer,,,,,2,2,True,1000.0,20,2,1000.0,credit-g,363626,,,,,,,,random,,,,,finance,1994,UCI,2,1,666.6666666666666,333.3333333333333,666.6666666666666,333.3333333333333,2,2,20,20,r2f1,0.3,2.333333333333333,
credit-g,binary,True,good_or_bad_customer,roc_auc,,,good_or_bad_customer,,,,,2,2,True,1000.0,20,2,1000.0,credit-g,363626,,,,,,,,random,,,,,finance,1994,UCI,2,2,666.6666666666666,333.3333333333333,666.6666666666666,333.3333333333333,2,2,20,20,r2f2,0.3,2.333333333333333,
credit-g,binary,True,good_or_bad_customer,roc_auc,,,good_or_bad_customer,,,,,2,2,True,1000.0,20,2,1000.0,credit-g,363626,,,,,,,,random,,,,,finance,1994,UCI,3,0,666.6666666666666,333.3333333333333,666.6666666666666,333.3333333333333,2,2,20,20,r3f0,0.3,2.333333333333333,
credit-g,binary,True,good_or_bad_customer,roc_auc,,,good_or_bad_customer,,,,,2,2,True,1000.0,20,2,1000.0,credit-g,363626,,,,,,,,random,,,,,finance,1994,UCI,3,1,666.6666666666666,333.3333333333333,666.6666666666666,333.3333333333333,2,2,20,20,r3f1,0.3,2.333333333333333,
credit-g,binary,True,good_or_bad_customer,roc_auc,,,good_or_bad_customer,,,,,2,2,True,1000.0,20,2,1000.0,credit-g,363626,,,,,,,,random,,,,,finance,1994,UCI,3,2,666.6666666666666,333.3333333333333,666.6666666666666,333.3333333333333,2,2,20,20,r3f2,0.3,2.333333333333333,
credit-g,binary,True,good_or_bad_customer,roc_auc,,,good_or_bad_customer,,,,,2,2,True,1000.0,20,2,1000.0,credit-g,363626,,,,,,,,random,,,,,finance,1994,UCI,4,0,666.6666666666666,333.3333333333333,666.6666666666666,333.3333333333333,2,2,20,20,r4f0,0.3,2.333333333333333,
credit-g,binary,True,good_or_bad_customer,roc_auc,,,good_or_bad_customer,,,,,2,2,True,1000.0,20,2,1000.0,credit-g,363626,,,,,,,,random,,,,,finance,1994,UCI,4,1,666.6666666666666,333.3333333333333,666.6666666666666,333.3333333333333,2,2,20,20,r4f1,0.3,2.333333333333333,
credit-g,binary,True,good_or_bad_customer,roc_auc,,,good_or_bad_customer,,,,,2,2,True,1000.0,20,2,1000.0,credit-g,363626,,,,,,,,random,,,,,finance,1994,UCI,4,2,666.6666666666666,333.3333333333333,666.6666666666666,333.3333333333333,2,2,20,20,r4f2,0.3,2.333333333333333,
credit-g,binary,True,good_or_bad_customer,roc_auc,,,good_or_bad_customer,,,,,2,2,True,1000.0,20,2,1000.0,credit-g,363626,,,,,,,,random,,,,,finance,1994,UCI,5,0,666.6666666666666,333.3333333333333,666.6666666666666,333.3333333333333,2,2,20,20,r5f0,0.3,2.333333333333333,
credit-g,binary,True,good_or_bad_customer,roc_auc,,,good_or_bad_customer,,,,,2,2,True,1000.0,20,2,1000.0,credit-g,363626,,,,,,,,random,,,,,finance,1994,UCI,5,1,666.6666666666666,333.3333333333333,666.6666666666666,333.3333333333333,2,2,20,20,r5f1,0.3,2.333333333333333,
credit-g,binary,True,good_or_bad_customer,roc_auc,,,good_or_bad_customer,,,,,2,2,True,1000.0,20,2,1000.0,credit-g,363626,,,,,,,,random,,,,,finance,1994,UCI,5,2,666.6666666666666,333.3333333333333,666.6666666666666,333.3333333333333,2,2,20,20,r5f2,0.3,2.333333333333333,
credit-g,binary,True,good_or_bad_customer,roc_auc,,,good_or_bad_customer,,,,,2,2,True,1000.0,20,2,1000.0,credit-g,363626,,,,,,,,random,,,,,finance,1994,UCI,6,0,666.6666666666666,333.3333333333333,666.6666666666666,333.3333333333333,2,2,20,20,r6f0,0.3,2.333333333333333,
credit-g,binary,True,good_or_bad_customer,roc_auc,,,good_or_bad_customer,,,,,2,2,True,1000.0,20,2,1000.0,credit-g,363626,,,,,,,,random,,,,,finance,1994,UCI,6,1,666.6666666666666,333.3333333333333,666.6666666666666,333.3333333333333,2,2,20,20,r6f1,0.3,2.333333333333333,
credit-g,binary,True,good_or_bad_customer,roc_auc,,,good_or_bad_customer,,,,,2,2,True,1000.0,20,2,1000.0,credit-g,363626,,,,,,,,random,,,,,finance,1994,UCI,6,2,666.6666666666666,333.3333333333333,666.6666666666666,333.3333333333333,2,2,20,20,r6f2,0.3,2.333333333333333,
credit-g,binary,True,good_or_bad_customer,roc_auc,,,good_or_bad_customer,,,,,2,2,True,1000.0,20,2,1000.0,credit-g,363626,,,,,,,,random,,,,,finance,1994,UCI,7,0,666.6666666666666,333.3333333333333,666.6666666666666,333.3333333333333,2,2,20,20,r7f0,0.3,2.333333333333333,
credit-g,binary,True,good_or_bad_customer,roc_auc,,,good_or_bad_customer,,,,,2,2,True,1000.0,20,2,1000.0,credit-g,363626,,,,,,,,random,,,,,finance,1994,UCI,7,1,666.6666666666666,333.3333333333333,666.6666666666666,333.3333333333333,2,2,20,20,r7f1,0.3,2.333333333333333,
credit-g,binary,True,good_or_bad_customer,roc_auc,,,good_or_bad_customer,,,,,2,2,True,1000.0,20,2,1000.0,credit-g,363626,,,,,,,,random,,,,,finance,1994,UCI,7,2,666.6666666666666,333.3333333333333,666.6666666666666,333.3333333333333,2,2,20,20,r7f2,0.3,2.333333333333333,
credit-g,binary,True,good_or_bad_customer,roc_auc,,,good_or_bad_customer,,,,,2,2,True,1000.0,20,2,1000.0,credit-g,363626,,,,,,,,random,,,,,finance,1994,UCI,8,0,666.6666666666666,333.3333333333333,666.6666666666666,333.3333333333333,2,2,20,20,r8f0,0.3,2.333333333333333,
credit-g,binary,True,good_or_bad_customer,roc_auc,,,good_or_bad_customer,,,,,2,2,True,1000.0,20,2,1000.0,credit-g,363626,,,,,,,,random,,,,,finance,1994,UCI,8,1,666.6666666666666,333.3333333333333,666.6666666666666,333.3333333333333,2,2,20,20,r8f1,0.3,2.333333333333333,
credit-g,binary,True,good_or_bad_customer,roc_auc,,,good_or_bad_customer,,,,,2,2,True,1000.0,20,2,1000.0,credit-g,363626,,,,,,,,random,,,,,finance,1994,UCI,8,2,666.6666666666666,333.3333333333333,666.6666666666666,333.3333333333333,2,2,20,20,r8f2,0.3,2.333333333333333,
credit-g,binary,True,good_or_bad_customer,roc_auc,,,good_or_bad_customer,,,,,2,2,True,1000.0,20,2,1000.0,credit-g,363626,,,,,,,,random,,,,,finance,1994,UCI,9,0,666.6666666666666,333.3333333333333,666.6666666666666,333.3333333333333,2,2,20,20,r9f0,0.3,2.333333333333333,
credit-g,binary,True,good_or_bad_customer,roc_auc,,,good_or_bad_customer,,,,,2,2,True,1000.0,20,2,1000.0,credit-g,363626,,,,,,,,random,,,,,finance,1994,UCI,9,1,666.6666666666666,333.3333333333333,666.6666666666666,333.3333333333333,2,2,20,20,r9f1,0.3,2.333333333333333,
credit-g,binary,True,good_or_bad_customer,roc_auc,,,good_or_bad_customer,,,,,2,2,True,1000.0,20,2,1000.0,credit-g,363626,,,,,,,,random,,,,,finance,1994,UCI,9,2,666.6666666666666,333.3333333333333,666.6666666666666,333.3333333333333,2,2,20,20,r9f2,0.3,2.333333333333333,
credit_card_clients_default,binary,True,DefaultOnPaymentNextMonth,roc_auc,,,DefaultOnPaymentNextMonth,,,,,2,2,True,30000.0,23,2,30000.0,credit_card_clients_default,363627,,,,,,,,random,,,,,finance,2009,UCI,0,0,20000.0,10000.0,20000.0,10000.0,2,2,23,23,r0f0,0.2212,3.5207956600361663,
credit_card_clients_default,binary,True,DefaultOnPaymentNextMonth,roc_auc,,,DefaultOnPaymentNextMonth,,,,,2,2,True,30000.0,23,2,30000.0,credit_card_clients_default,363627,,,,,,,,random,,,,,finance,2009,UCI,0,1,20000.0,10000.0,20000.0,10000.0,2,2,23,23,r0f1,0.2212,3.5207956600361663,
credit_card_clients_default,binary,True,DefaultOnPaymentNextMonth,roc_auc,,,DefaultOnPaymentNextMonth,,,,,2,2,True,30000.0,23,2,30000.0,credit_card_clients_default,363627,,,,,,,,random,,,,,finance,2009,UCI,0,2,20000.0,10000.0,20000.0,10000.0,2,2,23,23,r0f2,0.2212,3.5207956600361663,
credit_card_clients_default,binary,True,DefaultOnPaymentNextMonth,roc_auc,,,DefaultOnPaymentNextMonth,,,,,2,2,True,30000.0,23,2,30000.0,credit_card_clients_default,363627,,,,,,,,random,,,,,finance,2009,UCI,1,0,20000.0,10000.0,20000.0,10000.0,2,2,23,23,r1f0,0.2212,3.5207956600361663,
credit_card_clients_default,binary,True,DefaultOnPaymentNextMonth,roc_auc,,,DefaultOnPaymentNextMonth,,,,,2,2,True,30000.0,23,2,30000.0,credit_card_clients_default,363627,,,,,,,,random,,,,,finance,2009,UCI,1,1,20000.0,10000.0,20000.0,10000.0,2,2,23,23,r1f1,0.2212,3.5207956600361663,
credit_card_clients_default,binary,True,DefaultOnPaymentNextMonth,roc_auc,,,DefaultOnPaymentNextMonth,,,,,2,2,True,30000.0,23,2,30000.0,credit_card_clients_default,363627,,,,,,,,random,,,,,finance,2009,UCI,1,2,20000.0,10000.0,20000.0,10000.0,2,2,23,23,r1f2,0.2212,3.5207956600361663,
credit_card_clients_default,binary,True,DefaultOnPaymentNextMonth,roc_auc,,,DefaultOnPaymentNextMonth,,,,,2,2,True,30000.0,23,2,30000.0,credit_card_clients_default,363627,,,,,,,,random,,,,,finance,2009,UCI,2,0,20000.0,10000.0,20000.0,10000.0,2,2,23,23,r2f0,0.2212,3.5207956600361663,
credit_card_clients_default,binary,True,DefaultOnPaymentNextMonth,roc_auc,,,DefaultOnPaymentNextMonth,,,,,2,2,True,30000.0,23,2,30000.0,credit_card_clients_default,363627,,,,,,,,random,,,,,finance,2009,UCI,2,1,20000.0,10000.0,20000.0,10000.0,2,2,23,23,r2f1,0.2212,3.5207956600361663,
credit_card_clients_default,binary,True,DefaultOnPaymentNextMonth,roc_auc,,,DefaultOnPaymentNextMonth,,,,,2,2,True,30000.0,23,2,30000.0,credit_card_clients_default,363627,,,,,,,,random,,,,,finance,2009,UCI,2,2,20000.0,10000.0,20000.0,10000.0,2,2,23,23,r2f2,0.2212,3.5207956600361663,
customer_satisfaction_in_airline,binary,True,satisfaction,roc_auc,,,satisfaction,,,,,2,2,True,129880.0,21,2,129880.0,customer_satisfaction_in_airline,363628,,,,,,,,random,,,,,business & marketing,2023,Kaggle,0,0,86586.66666666667,43293.333333333336,86586.66666666667,43293.333333333336,2,2,21,21,r0f0,0.4526716969510317,1.209106526287143,
customer_satisfaction_in_airline,binary,True,satisfaction,roc_auc,,,satisfaction,,,,,2,2,True,129880.0,21,2,129880.0,customer_satisfaction_in_airline,363628,,,,,,,,random,,,,,business & marketing,2023,Kaggle,0,1,86586.66666666667,43293.333333333336,86586.66666666667,43293.333333333336,2,2,21,21,r0f1,0.4526716969510317,1.209106526287143,
customer_satisfaction_in_airline,binary,True,satisfaction,roc_auc,,,satisfaction,,,,,2,2,True,129880.0,21,2,129880.0,customer_satisfaction_in_airline,363628,,,,,,,,random,,,,,business & marketing,2023,Kaggle,0,2,86586.66666666667,43293.333333333336,86586.66666666667,43293.333333333336,2,2,21,21,r0f2,0.4526716969510317,1.209106526287143,
customer_satisfaction_in_airline,binary,True,satisfaction,roc_auc,,,satisfaction,,,,,2,2,True,129880.0,21,2,129880.0,customer_satisfaction_in_airline,363628,,,,,,,,random,,,,,business & marketing,2023,Kaggle,1,0,86586.66666666667,43293.333333333336,86586.66666666667,43293.333333333336,2,2,21,21,r1f0,0.4526716969510317,1.209106526287143,
customer_satisfaction_in_airline,binary,True,satisfaction,roc_auc,,,satisfaction,,,,,2,2,True,129880.0,21,2,129880.0,customer_satisfaction_in_airline,363628,,,,,,,,random,,,,,business & marketing,2023,Kaggle,1,1,86586.66666666667,43293.333333333336,86586.66666666667,43293.333333333336,2,2,21,21,r1f1,0.4526716969510317,1.209106526287143,
customer_satisfaction_in_airline,binary,True,satisfaction,roc_auc,,,satisfaction,,,,,2,2,True,129880.0,21,2,129880.0,customer_satisfaction_in_airline,363628,,,,,,,,random,,,,,business & marketing,2023,Kaggle,1,2,86586.66666666667,43293.333333333336,86586.66666666667,43293.333333333336,2,2,21,21,r1f2,0.4526716969510317,1.209106526287143,
customer_satisfaction_in_airline,binary,True,satisfaction,roc_auc,,,satisfaction,,,,,2,2,True,129880.0,21,2,129880.0,customer_satisfaction_in_airline,363628,,,,,,,,random,,,,,business & marketing,2023,Kaggle,2,0,86586.66666666667,43293.333333333336,86586.66666666667,43293.333333333336,2,2,21,21,r2f0,0.4526716969510317,1.209106526287143,
customer_satisfaction_in_airline,binary,True,satisfaction,roc_auc,,,satisfaction,,,,,2,2,True,129880.0,21,2,129880.0,customer_satisfaction_in_airline,363628,,,,,,,,random,,,,,business & marketing,2023,Kaggle,2,1,86586.66666666667,43293.333333333336,86586.66666666667,43293.333333333336,2,2,21,21,r2f1,0.4526716969510317,1.209106526287143,
customer_satisfaction_in_airline,binary,True,satisfaction,roc_auc,,,satisfaction,,,,,2,2,True,129880.0,21,2,129880.0,customer_satisfaction_in_airline,363628,,,,,,,,random,,,,,business & marketing,2023,Kaggle,2,2,86586.66666666667,43293.333333333336,86586.66666666667,43293.333333333336,2,2,21,21,r2f2,0.4526716969510317,1.209106526287143,
diabetes,binary,True,TestedPositiveForDiabetes,roc_auc,,,TestedPositiveForDiabetes,,,,,2,2,True,768.0,8,2,768.0,diabetes,363629,,,,,,,,random,,,,,medical & healthcare,1988,OpenML,0,0,512.0,256.0,512.0,256.0,2,2,8,8,r0f0,0.3489583333333333,1.8656716417910448,
diabetes,binary,True,TestedPositiveForDiabetes,roc_auc,,,TestedPositiveForDiabetes,,,,,2,2,True,768.0,8,2,768.0,diabetes,363629,,,,,,,,random,,,,,medical & healthcare,1988,OpenML,0,1,512.0,256.0,512.0,256.0,2,2,8,8,r0f1,0.3489583333333333,1.8656716417910448,
diabetes,binary,True,TestedPositiveForDiabetes,roc_auc,,,TestedPositiveForDiabetes,,,,,2,2,True,768.0,8,2,768.0,diabetes,363629,,,,,,,,random,,,,,medical & healthcare,1988,OpenML,0,2,512.0,256.0,512.0,256.0,2,2,8,8,r0f2,0.3489583333333333,1.8656716417910448,
diabetes,binary,True,TestedPositiveForDiabetes,roc_auc,,,TestedPositiveForDiabetes,,,,,2,2,True,768.0,8,2,768.0,diabetes,363629,,,,,,,,random,,,,,medical & healthcare,1988,OpenML,1,0,512.0,256.0,512.0,256.0,2,2,8,8,r1f0,0.3489583333333333,1.8656716417910448,
diabetes,binary,True,TestedPositiveForDiabetes,roc_auc,,,TestedPositiveForDiabetes,,,,,2,2,True,768.0,8,2,768.0,diabetes,363629,,,,,,,,random,,,,,medical & healthcare,1988,OpenML,1,1,512.0,256.0,512.0,256.0,2,2,8,8,r1f1,0.3489583333333333,1.8656716417910448,
diabetes,binary,True,TestedPositiveForDiabetes,roc_auc,,,TestedPositiveForDiabetes,,,,,2,2,True,768.0,8,2,768.0,diabetes,363629,,,,,,,,random,,,,,medical & healthcare,1988,OpenML,1,2,512.0,256.0,512.0,256.0,2,2,8,8,r1f2,0.3489583333333333,1.8656716417910448,
diabetes,binary,True,TestedPositiveForDiabetes,roc_auc,,,TestedPositiveForDiabetes,,,,,2,2,True,768.0,8,2,768.0,diabetes,363629,,,,,,,,random,,,,,medical & healthcare,1988,OpenML,2,0,512.0,256.0,512.0,256.0,2,2,8,8,r2f0,0.3489583333333333,1.8656716417910448,
diabetes,binary,True,TestedPositiveForDiabetes,roc_auc,,,TestedPositiveForDiabetes,,,,,2,2,True,768.0,8,2,768.0,diabetes,363629,,,,,,,,random,,,,,medical & healthcare,1988,OpenML,2,1,512.0,256.0,512.0,256.0,2,2,8,8,r2f1,0.3489583333333333,1.8656716417910448,
diabetes,binary,True,TestedPositiveForDiabetes,roc_auc,,,TestedPositiveForDiabetes,,,,,2,2,True,768.0,8,2,768.0,diabetes,363629,,,,,,,,random,,,,,medical & healthcare,1988,OpenML,2,2,512.0,256.0,512.0,256.0,2,2,8,8,r2f2,0.3489583333333333,1.8656716417910448,
diabetes,binary,True,TestedPositiveForDiabetes,roc_auc,,,TestedPositiveForDiabetes,,,,,2,2,True,768.0,8,2,768.0,diabetes,363629,,,,,,,,random,,,,,medical & healthcare,1988,OpenML,3,0,512.0,256.0,512.0,256.0,2,2,8,8,r3f0,0.3489583333333333,1.8656716417910448,
diabetes,binary,True,TestedPositiveForDiabetes,roc_auc,,,TestedPositiveForDiabetes,,,,,2,2,True,768.0,8,2,768.0,diabetes,363629,,,,,,,,random,,,,,medical & healthcare,1988,OpenML,3,1,512.0,256.0,512.0,256.0,2,2,8,8,r3f1,0.3489583333333333,1.8656716417910448,
diabetes,binary,True,TestedPositiveForDiabetes,roc_auc,,,TestedPositiveForDiabetes,,,,,2,2,True,768.0,8,2,768.0,diabetes,363629,,,,,,,,random,,,,,medical & healthcare,1988,OpenML,3,2,512.0,256.0,512.0,256.0,2,2,8,8,r3f2,0.3489583333333333,1.8656716417910448,
diabetes,binary,True,TestedPositiveForDiabetes,roc_auc,,,TestedPositiveForDiabetes,,,,,2,2,True,768.0,8,2,768.0,diabetes,363629,,,,,,,,random,,,,,medical & healthcare,1988,OpenML,4,0,512.0,256.0,512.0,256.0,2,2,8,8,r4f0,0.3489583333333333,1.8656716417910448,
diabetes,binary,True,TestedPositiveForDiabetes,roc_auc,,,TestedPositiveForDiabetes,,,,,2,2,True,768.0,8,2,768.0,diabetes,363629,,,,,,,,random,,,,,medical & healthcare,1988,OpenML,4,1,512.0,256.0,512.0,256.0,2,2,8,8,r4f1,0.3489583333333333,1.8656716417910448,
diabetes,binary,True,TestedPositiveForDiabetes,roc_auc,,,TestedPositiveForDiabetes,,,,,2,2,True,768.0,8,2,768.0,diabetes,363629,,,,,,,,random,,,,,medical & healthcare,1988,OpenML,4,2,512.0,256.0,512.0,256.0,2,2,8,8,r4f2,0.3489583333333333,1.8656716417910448,
diabetes,binary,True,TestedPositiveForDiabetes,roc_auc,,,TestedPositiveForDiabetes,,,,,2,2,True,768.0,8,2,768.0,diabetes,363629,,,,,,,,random,,,,,medical & healthcare,1988,OpenML,5,0,512.0,256.0,512.0,256.0,2,2,8,8,r5f0,0.3489583333333333,1.8656716417910448,
diabetes,binary,True,TestedPositiveForDiabetes,roc_auc,,,TestedPositiveForDiabetes,,,,,2,2,True,768.0,8,2,768.0,diabetes,363629,,,,,,,,random,,,,,medical & healthcare,1988,OpenML,5,1,512.0,256.0,512.0,256.0,2,2,8,8,r5f1,0.3489583333333333,1.8656716417910448,
diabetes,binary,True,TestedPositiveForDiabetes,roc_auc,,,TestedPositiveForDiabetes,,,,,2,2,True,768.0,8,2,768.0,diabetes,363629,,,,,,,,random,,,,,medical & healthcare,1988,OpenML,5,2,512.0,256.0,512.0,256.0,2,2,8,8,r5f2,0.3489583333333333,1.8656716417910448,
diabetes,binary,True,TestedPositiveForDiabetes,roc_auc,,,TestedPositiveForDiabetes,,,,,2,2,True,768.0,8,2,768.0,diabetes,363629,,,,,,,,random,,,,,medical & healthcare,1988,OpenML,6,0,512.0,256.0,512.0,256.0,2,2,8,8,r6f0,0.3489583333333333,1.8656716417910448,
diabetes,binary,True,TestedPositiveForDiabetes,roc_auc,,,TestedPositiveForDiabetes,,,,,2,2,True,768.0,8,2,768.0,diabetes,363629,,,,,,,,random,,,,,medical & healthcare,1988,OpenML,6,1,512.0,256.0,512.0,256.0,2,2,8,8,r6f1,0.3489583333333333,1.8656716417910448,
diabetes,binary,True,TestedPositiveForDiabetes,roc_auc,,,TestedPositiveForDiabetes,,,,,2,2,True,768.0,8,2,768.0,diabetes,363629,,,,,,,,random,,,,,medical & healthcare,1988,OpenML,6,2,512.0,256.0,512.0,256.0,2,2,8,8,r6f2,0.3489583333333333,1.8656716417910448,
diabetes,binary,True,TestedPositiveForDiabetes,roc_auc,,,TestedPositiveForDiabetes,,,,,2,2,True,768.0,8,2,768.0,diabetes,363629,,,,,,,,random,,,,,medical & healthcare,1988,OpenML,7,0,512.0,256.0,512.0,256.0,2,2,8,8,r7f0,0.3489583333333333,1.8656716417910448,
diabetes,binary,True,TestedPositiveForDiabetes,roc_auc,,,TestedPositiveForDiabetes,,,,,2,2,True,768.0,8,2,768.0,diabetes,363629,,,,,,,,random,,,,,medical & healthcare,1988,OpenML,7,1,512.0,256.0,512.0,256.0,2,2,8,8,r7f1,0.3489583333333333,1.8656716417910448,
diabetes,binary,True,TestedPositiveForDiabetes,roc_auc,,,TestedPositiveForDiabetes,,,,,2,2,True,768.0,8,2,768.0,diabetes,363629,,,,,,,,random,,,,,medical & healthcare,1988,OpenML,7,2,512.0,256.0,512.0,256.0,2,2,8,8,r7f2,0.3489583333333333,1.8656716417910448,
diabetes,binary,True,TestedPositiveForDiabetes,roc_auc,,,TestedPositiveForDiabetes,,,,,2,2,True,768.0,8,2,768.0,diabetes,363629,,,,,,,,random,,,,,medical & healthcare,1988,OpenML,8,0,512.0,256.0,512.0,256.0,2,2,8,8,r8f0,0.3489583333333333,1.8656716417910448,
diabetes,binary,True,TestedPositiveForDiabetes,roc_auc,,,TestedPositiveForDiabetes,,,,,2,2,True,768.0,8,2,768.0,diabetes,363629,,,,,,,,random,,,,,medical & healthcare,1988,OpenML,8,1,512.0,256.0,512.0,256.0,2,2,8,8,r8f1,0.3489583333333333,1.8656716417910448,
diabetes,binary,True,TestedPositiveForDiabetes,roc_auc,,,TestedPositiveForDiabetes,,,,,2,2,True,768.0,8,2,768.0,diabetes,363629,,,,,,,,random,,,,,medical & healthcare,1988,OpenML,8,2,512.0,256.0,512.0,256.0,2,2,8,8,r8f2,0.3489583333333333,1.8656716417910448,
diabetes,binary,True,TestedPositiveForDiabetes,roc_auc,,,TestedPositiveForDiabetes,,,,,2,2,True,768.0,8,2,768.0,diabetes,363629,,,,,,,,random,,,,,medical & healthcare,1988,OpenML,9,0,512.0,256.0,512.0,256.0,2,2,8,8,r9f0,0.3489583333333333,1.8656716417910448,
diabetes,binary,True,TestedPositiveForDiabetes,roc_auc,,,TestedPositiveForDiabetes,,,,,2,2,True,768.0,8,2,768.0,diabetes,363629,,,,,,,,random,,,,,medical & healthcare,1988,OpenML,9,1,512.0,256.0,512.0,256.0,2,2,8,8,r9f1,0.3489583333333333,1.8656716417910448,
diabetes,binary,True,TestedPositiveForDiabetes,roc_auc,,,TestedPositiveForDiabetes,,,,,2,2,True,768.0,8,2,768.0,diabetes,363629,,,,,,,,random,,,,,medical & healthcare,1988,OpenML,9,2,512.0,256.0,512.0,256.0,2,2,8,8,r9f2,0.3489583333333333,1.8656716417910448,
Diabetes130US,binary,True,EarlyReadmission,roc_auc,,,EarlyReadmission,,,,,2,2,True,71518.0,47,2,71518.0,Diabetes130US,363630,,,,,,,,random,,,,,medical & healthcare,2014,UCI,0,0,47678.666666666664,23839.333333333332,47678.666666666664,23839.333333333332,2,2,47,47,r0f0,0.0879918342235521,10.364690926426189,
Diabetes130US,binary,True,EarlyReadmission,roc_auc,,,EarlyReadmission,,,,,2,2,True,71518.0,47,2,71518.0,Diabetes130US,363630,,,,,,,,random,,,,,medical & healthcare,2014,UCI,0,1,47678.666666666664,23839.333333333332,47678.666666666664,23839.333333333332,2,2,47,47,r0f1,0.0879918342235521,10.364690926426189,
Diabetes130US,binary,True,EarlyReadmission,roc_auc,,,EarlyReadmission,,,,,2,2,True,71518.0,47,2,71518.0,Diabetes130US,363630,,,,,,,,random,,,,,medical & healthcare,2014,UCI,0,2,47678.666666666664,23839.333333333332,47678.666666666664,23839.333333333332,2,2,47,47,r0f2,0.0879918342235521,10.364690926426189,
Diabetes130US,binary,True,EarlyReadmission,roc_auc,,,EarlyReadmission,,,,,2,2,True,71518.0,47,2,71518.0,Diabetes130US,363630,,,,,,,,random,,,,,medical & healthcare,2014,UCI,1,0,47678.666666666664,23839.333333333332,47678.666666666664,23839.333333333332,2,2,47,47,r1f0,0.0879918342235521,10.364690926426189,
Diabetes130US,binary,True,EarlyReadmission,roc_auc,,,EarlyReadmission,,,,,2,2,True,71518.0,47,2,71518.0,Diabetes130US,363630,,,,,,,,random,,,,,medical & healthcare,2014,UCI,1,1,47678.666666666664,23839.333333333332,47678.666666666664,23839.333333333332,2,2,47,47,r1f1,0.0879918342235521,10.364690926426189,
Diabetes130US,binary,True,EarlyReadmission,roc_auc,,,EarlyReadmission,,,,,2,2,True,71518.0,47,2,71518.0,Diabetes130US,363630,,,,,,,,random,,,,,medical & healthcare,2014,UCI,1,2,47678.666666666664,23839.333333333332,47678.666666666664,23839.333333333332,2,2,47,47,r1f2,0.0879918342235521,10.364690926426189,
Diabetes130US,binary,True,EarlyReadmission,roc_auc,,,EarlyReadmission,,,,,2,2,True,71518.0,47,2,71518.0,Diabetes130US,363630,,,,,,,,random,,,,,medical & healthcare,2014,UCI,2,0,47678.666666666664,23839.333333333332,47678.666666666664,23839.333333333332,2,2,47,47,r2f0,0.0879918342235521,10.364690926426189,
Diabetes130US,binary,True,EarlyReadmission,roc_auc,,,EarlyReadmission,,,,,2,2,True,71518.0,47,2,71518.0,Diabetes130US,363630,,,,,,,,random,,,,,medical & healthcare,2014,UCI,2,1,47678.666666666664,23839.333333333332,47678.666666666664,23839.333333333332,2,2,47,47,r2f1,0.0879918342235521,10.364690926426189,
Diabetes130US,binary,True,EarlyReadmission,roc_auc,,,EarlyReadmission,,,,,2,2,True,71518.0,47,2,71518.0,Diabetes130US,363630,,,,,,,,random,,,,,medical & healthcare,2014,UCI,2,2,47678.666666666664,23839.333333333332,47678.666666666664,23839.333333333332,2,2,47,47,r2f2,0.0879918342235521,10.364690926426189,
diamonds,regression,False,price,rmse,,,,,,,,-1,-1,True,53940.0,9,-1,53940.0,diamonds,363631,,,,,,,,random,,,,,business & marketing,2015,Other,0,0,35960.0,17980.0,35960.0,17980.0,-1,-1,9,9,r0f0,,,1.6183502776053018
diamonds,regression,False,price,rmse,,,,,,,,-1,-1,True,53940.0,9,-1,53940.0,diamonds,363631,,,,,,,,random,,,,,business & marketing,2015,Other,0,1,35960.0,17980.0,35960.0,17980.0,-1,-1,9,9,r0f1,,,1.6183502776053018
diamonds,regression,False,price,rmse,,,,,,,,-1,-1,True,53940.0,9,-1,53940.0,diamonds,363631,,,,,,,,random,,,,,business & marketing,2015,Other,0,2,35960.0,17980.0,35960.0,17980.0,-1,-1,9,9,r0f2,,,1.6183502776053018
diamonds,regression,False,price,rmse,,,,,,,,-1,-1,True,53940.0,9,-1,53940.0,diamonds,363631,,,,,,,,random,,,,,business & marketing,2015,Other,1,0,35960.0,17980.0,35960.0,17980.0,-1,-1,9,9,r1f0,,,1.6183502776053018
diamonds,regression,False,price,rmse,,,,,,,,-1,-1,True,53940.0,9,-1,53940.0,diamonds,363631,,,,,,,,random,,,,,business & marketing,2015,Other,1,1,35960.0,17980.0,35960.0,17980.0,-1,-1,9,9,r1f1,,,1.6183502776053018
diamonds,regression,False,price,rmse,,,,,,,,-1,-1,True,53940.0,9,-1,53940.0,diamonds,363631,,,,,,,,random,,,,,business & marketing,2015,Other,1,2,35960.0,17980.0,35960.0,17980.0,-1,-1,9,9,r1f2,,,1.6183502776053018
diamonds,regression,False,price,rmse,,,,,,,,-1,-1,True,53940.0,9,-1,53940.0,diamonds,363631,,,,,,,,random,,,,,business & marketing,2015,Other,2,0,35960.0,17980.0,35960.0,17980.0,-1,-1,9,9,r2f0,,,1.6183502776053018
diamonds,regression,False,price,rmse,,,,,,,,-1,-1,True,53940.0,9,-1,53940.0,diamonds,363631,,,,,,,,random,,,,,business & marketing,2015,Other,2,1,35960.0,17980.0,35960.0,17980.0,-1,-1,9,9,r2f1,,,1.6183502776053018
diamonds,regression,False,price,rmse,,,,,,,,-1,-1,True,53940.0,9,-1,53940.0,diamonds,363631,,,,,,,,random,,,,,business & marketing,2015,Other,2,2,35960.0,17980.0,35960.0,17980.0,-1,-1,9,9,r2f2,,,1.6183502776053018
E-CommereShippingData,binary,True,ArrivedLate,roc_auc,,,ArrivedLate,,,,,2,2,True,10999.0,10,2,10999.0,E-CommereShippingData,363632,,,,,,,,random,,,,,business & marketing,2021,Kaggle,0,0,7332.666666666667,3666.3333333333335,7332.666666666667,3666.3333333333335,2,2,10,10,r0f0,0.4033093917628875,1.4794860234445446,
E-CommereShippingData,binary,True,ArrivedLate,roc_auc,,,ArrivedLate,,,,,2,2,True,10999.0,10,2,10999.0,E-CommereShippingData,363632,,,,,,,,random,,,,,business & marketing,2021,Kaggle,0,1,7332.666666666667,3666.3333333333335,7332.666666666667,3666.3333333333335,2,2,10,10,r0f1,0.4033093917628875,1.4794860234445446,
E-CommereShippingData,binary,True,ArrivedLate,roc_auc,,,ArrivedLate,,,,,2,2,True,10999.0,10,2,10999.0,E-CommereShippingData,363632,,,,,,,,random,,,,,business & marketing,2021,Kaggle,0,2,7332.666666666667,3666.3333333333335,7332.666666666667,3666.3333333333335,2,2,10,10,r0f2,0.4033093917628875,1.4794860234445446,
E-CommereShippingData,binary,True,ArrivedLate,roc_auc,,,ArrivedLate,,,,,2,2,True,10999.0,10,2,10999.0,E-CommereShippingData,363632,,,,,,,,random,,,,,business & marketing,2021,Kaggle,1,0,7332.666666666667,3666.3333333333335,7332.666666666667,3666.3333333333335,2,2,10,10,r1f0,0.4033093917628875,1.4794860234445446,
E-CommereShippingData,binary,True,ArrivedLate,roc_auc,,,ArrivedLate,,,,,2,2,True,10999.0,10,2,10999.0,E-CommereShippingData,363632,,,,,,,,random,,,,,business & marketing,2021,Kaggle,1,1,7332.666666666667,3666.3333333333335,7332.666666666667,3666.3333333333335,2,2,10,10,r1f1,0.4033093917628875,1.4794860234445446,
E-CommereShippingData,binary,True,ArrivedLate,roc_auc,,,ArrivedLate,,,,,2,2,True,10999.0,10,2,10999.0,E-CommereShippingData,363632,,,,,,,,random,,,,,business & marketing,2021,Kaggle,1,2,7332.666666666667,3666.3333333333335,7332.666666666667,3666.3333333333335,2,2,10,10,r1f2,0.4033093917628875,1.4794860234445446,
E-CommereShippingData,binary,True,ArrivedLate,roc_auc,,,ArrivedLate,,,,,2,2,True,10999.0,10,2,10999.0,E-CommereShippingData,363632,,,,,,,,random,,,,,business & marketing,2021,Kaggle,2,0,7332.666666666667,3666.3333333333335,7332.666666666667,3666.3333333333335,2,2,10,10,r2f0,0.4033093917628875,1.4794860234445446,
E-CommereShippingData,binary,True,ArrivedLate,roc_auc,,,ArrivedLate,,,,,2,2,True,10999.0,10,2,10999.0,E-CommereShippingData,363632,,,,,,,,random,,,,,business & marketing,2021,Kaggle,2,1,7332.666666666667,3666.3333333333335,7332.666666666667,3666.3333333333335,2,2,10,10,r2f1,0.4033093917628875,1.4794860234445446,
E-CommereShippingData,binary,True,ArrivedLate,roc_auc,,,ArrivedLate,,,,,2,2,True,10999.0,10,2,10999.0,E-CommereShippingData,363632,,,,,,,,random,,,,,business & marketing,2021,Kaggle,2,2,7332.666666666667,3666.3333333333335,7332.666666666667,3666.3333333333335,2,2,10,10,r2f2,0.4033093917628875,1.4794860234445446,
Fitness_Club,binary,True,attended,roc_auc,,,attended,,,,,2,2,True,1500.0,6,2,1500.0,Fitness_Club,363671,,,,,,,,random,,,,,business & marketing,2023,Kaggle,0,0,1000.0,500.0,1000.0,500.0,2,2,6,6,r0f0,0.3026666666666666,2.303964757709251,
Fitness_Club,binary,True,attended,roc_auc,,,attended,,,,,2,2,True,1500.0,6,2,1500.0,Fitness_Club,363671,,,,,,,,random,,,,,business & marketing,2023,Kaggle,0,1,1000.0,500.0,1000.0,500.0,2,2,6,6,r0f1,0.3026666666666666,2.303964757709251,
Fitness_Club,binary,True,attended,roc_auc,,,attended,,,,,2,2,True,1500.0,6,2,1500.0,Fitness_Club,363671,,,,,,,,random,,,,,business & marketing,2023,Kaggle,0,2,1000.0,500.0,1000.0,500.0,2,2,6,6,r0f2,0.3026666666666666,2.303964757709251,
Fitness_Club,binary,True,attended,roc_auc,,,attended,,,,,2,2,True,1500.0,6,2,1500.0,Fitness_Club,363671,,,,,,,,random,,,,,business & marketing,2023,Kaggle,1,0,1000.0,500.0,1000.0,500.0,2,2,6,6,r1f0,0.3026666666666666,2.303964757709251,
Fitness_Club,binary,True,attended,roc_auc,,,attended,,,,,2,2,True,1500.0,6,2,1500.0,Fitness_Club,363671,,,,,,,,random,,,,,business & marketing,2023,Kaggle,1,1,1000.0,500.0,1000.0,500.0,2,2,6,6,r1f1,0.3026666666666666,2.303964757709251,
Fitness_Club,binary,True,attended,roc_auc,,,attended,,,,,2,2,True,1500.0,6,2,1500.0,Fitness_Club,363671,,,,,,,,random,,,,,business & marketing,2023,Kaggle,1,2,1000.0,500.0,1000.0,500.0,2,2,6,6,r1f2,0.3026666666666666,2.303964757709251,
Fitness_Club,binary,True,attended,roc_auc,,,attended,,,,,2,2,True,1500.0,6,2,1500.0,Fitness_Club,363671,,,,,,,,random,,,,,business & marketing,2023,Kaggle,2,0,1000.0,500.0,1000.0,500.0,2,2,6,6,r2f0,0.3026666666666666,2.303964757709251,
Fitness_Club,binary,True,attended,roc_auc,,,attended,,,,,2,2,True,1500.0,6,2,1500.0,Fitness_Club,363671,,,,,,,,random,,,,,business & marketing,2023,Kaggle,2,1,1000.0,500.0,1000.0,500.0,2,2,6,6,r2f1,0.3026666666666666,2.303964757709251,
Fitness_Club,binary,True,attended,roc_auc,,,attended,,,,,2,2,True,1500.0,6,2,1500.0,Fitness_Club,363671,,,,,,,,random,,,,,business & marketing,2023,Kaggle,2,2,1000.0,500.0,1000.0,500.0,2,2,6,6,r2f2,0.3026666666666666,2.303964757709251,
Fitness_Club,binary,True,attended,roc_auc,,,attended,,,,,2,2,True,1500.0,6,2,1500.0,Fitness_Club,363671,,,,,,,,random,,,,,business & marketing,2023,Kaggle,3,0,1000.0,500.0,1000.0,500.0,2,2,6,6,r3f0,0.3026666666666666,2.303964757709251,
Fitness_Club,binary,True,attended,roc_auc,,,attended,,,,,2,2,True,1500.0,6,2,1500.0,Fitness_Club,363671,,,,,,,,random,,,,,business & marketing,2023,Kaggle,3,1,1000.0,500.0,1000.0,500.0,2,2,6,6,r3f1,0.3026666666666666,2.303964757709251,
Fitness_Club,binary,True,attended,roc_auc,,,attended,,,,,2,2,True,1500.0,6,2,1500.0,Fitness_Club,363671,,,,,,,,random,,,,,business & marketing,2023,Kaggle,3,2,1000.0,500.0,1000.0,500.0,2,2,6,6,r3f2,0.3026666666666666,2.303964757709251,
Fitness_Club,binary,True,attended,roc_auc,,,attended,,,,,2,2,True,1500.0,6,2,1500.0,Fitness_Club,363671,,,,,,,,random,,,,,business & marketing,2023,Kaggle,4,0,1000.0,500.0,1000.0,500.0,2,2,6,6,r4f0,0.3026666666666666,2.303964757709251,
Fitness_Club,binary,True,attended,roc_auc,,,attended,,,,,2,2,True,1500.0,6,2,1500.0,Fitness_Club,363671,,,,,,,,random,,,,,business & marketing,2023,Kaggle,4,1,1000.0,500.0,1000.0,500.0,2,2,6,6,r4f1,0.3026666666666666,2.303964757709251,
Fitness_Club,binary,True,attended,roc_auc,,,attended,,,,,2,2,True,1500.0,6,2,1500.0,Fitness_Club,363671,,,,,,,,random,,,,,business & marketing,2023,Kaggle,4,2,1000.0,500.0,1000.0,500.0,2,2,6,6,r4f2,0.3026666666666666,2.303964757709251,
Fitness_Club,binary,True,attended,roc_auc,,,attended,,,,,2,2,True,1500.0,6,2,1500.0,Fitness_Club,363671,,,,,,,,random,,,,,business & marketing,2023,Kaggle,5,0,1000.0,500.0,1000.0,500.0,2,2,6,6,r5f0,0.3026666666666666,2.303964757709251,
Fitness_Club,binary,True,attended,roc_auc,,,attended,,,,,2,2,True,1500.0,6,2,1500.0,Fitness_Club,363671,,,,,,,,random,,,,,business & marketing,2023,Kaggle,5,1,1000.0,500.0,1000.0,500.0,2,2,6,6,r5f1,0.3026666666666666,2.303964757709251,
Fitness_Club,binary,True,attended,roc_auc,,,attended,,,,,2,2,True,1500.0,6,2,1500.0,Fitness_Club,363671,,,,,,,,random,,,,,business & marketing,2023,Kaggle,5,2,1000.0,500.0,1000.0,500.0,2,2,6,6,r5f2,0.3026666666666666,2.303964757709251,
Fitness_Club,binary,True,attended,roc_auc,,,attended,,,,,2,2,True,1500.0,6,2,1500.0,Fitness_Club,363671,,,,,,,,random,,,,,business & marketing,2023,Kaggle,6,0,1000.0,500.0,1000.0,500.0,2,2,6,6,r6f0,0.3026666666666666,2.303964757709251,
Fitness_Club,binary,True,attended,roc_auc,,,attended,,,,,2,2,True,1500.0,6,2,1500.0,Fitness_Club,363671,,,,,,,,random,,,,,business & marketing,2023,Kaggle,6,1,1000.0,500.0,1000.0,500.0,2,2,6,6,r6f1,0.3026666666666666,2.303964757709251,
Fitness_Club,binary,True,attended,roc_auc,,,attended,,,,,2,2,True,1500.0,6,2,1500.0,Fitness_Club,363671,,,,,,,,random,,,,,business & marketing,2023,Kaggle,6,2,1000.0,500.0,1000.0,500.0,2,2,6,6,r6f2,0.3026666666666666,2.303964757709251,
Fitness_Club,binary,True,attended,roc_auc,,,attended,,,,,2,2,True,1500.0,6,2,1500.0,Fitness_Club,363671,,,,,,,,random,,,,,business & marketing,2023,Kaggle,7,0,1000.0,500.0,1000.0,500.0,2,2,6,6,r7f0,0.3026666666666666,2.303964757709251,
Fitness_Club,binary,True,attended,roc_auc,,,attended,,,,,2,2,True,1500.0,6,2,1500.0,Fitness_Club,363671,,,,,,,,random,,,,,business & marketing,2023,Kaggle,7,1,1000.0,500.0,1000.0,500.0,2,2,6,6,r7f1,0.3026666666666666,2.303964757709251,
Fitness_Club,binary,True,attended,roc_auc,,,attended,,,,,2,2,True,1500.0,6,2,1500.0,Fitness_Club,363671,,,,,,,,random,,,,,business & marketing,2023,Kaggle,7,2,1000.0,500.0,1000.0,500.0,2,2,6,6,r7f2,0.3026666666666666,2.303964757709251,
Fitness_Club,binary,True,attended,roc_auc,,,attended,,,,,2,2,True,1500.0,6,2,1500.0,Fitness_Club,363671,,,,,,,,random,,,,,business & marketing,2023,Kaggle,8,0,1000.0,500.0,1000.0,500.0,2,2,6,6,r8f0,0.3026666666666666,2.303964757709251,
Fitness_Club,binary,True,attended,roc_auc,,,attended,,,,,2,2,True,1500.0,6,2,1500.0,Fitness_Club,363671,,,,,,,,random,,,,,business & marketing,2023,Kaggle,8,1,1000.0,500.0,1000.0,500.0,2,2,6,6,r8f1,0.3026666666666666,2.303964757709251,
Fitness_Club,binary,True,attended,roc_auc,,,attended,,,,,2,2,True,1500.0,6,2,1500.0,Fitness_Club,363671,,,,,,,,random,,,,,business & marketing,2023,Kaggle,8,2,1000.0,500.0,1000.0,500.0,2,2,6,6,r8f2,0.3026666666666666,2.303964757709251,
Fitness_Club,binary,True,attended,roc_auc,,,attended,,,,,2,2,True,1500.0,6,2,1500.0,Fitness_Club,363671,,,,,,,,random,,,,,business & marketing,2023,Kaggle,9,0,1000.0,500.0,1000.0,500.0,2,2,6,6,r9f0,0.3026666666666666,2.303964757709251,
Fitness_Club,binary,True,attended,roc_auc,,,attended,,,,,2,2,True,1500.0,6,2,1500.0,Fitness_Club,363671,,,,,,,,random,,,,,business & marketing,2023,Kaggle,9,1,1000.0,500.0,1000.0,500.0,2,2,6,6,r9f1,0.3026666666666666,2.303964757709251,
Fitness_Club,binary,True,attended,roc_auc,,,attended,,,,,2,2,True,1500.0,6,2,1500.0,Fitness_Club,363671,,,,,,,,random,,,,,business & marketing,2023,Kaggle,9,2,1000.0,500.0,1000.0,500.0,2,2,6,6,r9f2,0.3026666666666666,2.303964757709251,
Food_Delivery_Time,regression,False,Time_taken(min),rmse,,,,,,,,-1,-1,True,45451.0,9,-1,45451.0,Food_Delivery_Time,363672,,,,,,,,random,,,,,business & marketing,2023,Kaggle,0,0,30300.666666666668,15150.333333333334,30300.666666666668,15150.333333333334,-1,-1,9,9,r0f0,,,0.4863660510187994
Food_Delivery_Time,regression,False,Time_taken(min),rmse,,,,,,,,-1,-1,True,45451.0,9,-1,45451.0,Food_Delivery_Time,363672,,,,,,,,random,,,,,business & marketing,2023,Kaggle,0,1,30300.666666666668,15150.333333333334,30300.666666666668,15150.333333333334,-1,-1,9,9,r0f1,,,0.4863660510187994
Food_Delivery_Time,regression,False,Time_taken(min),rmse,,,,,,,,-1,-1,True,45451.0,9,-1,45451.0,Food_Delivery_Time,363672,,,,,,,,random,,,,,business & marketing,2023,Kaggle,0,2,30300.666666666668,15150.333333333334,30300.666666666668,15150.333333333334,-1,-1,9,9,r0f2,,,0.4863660510187994
Food_Delivery_Time,regression,False,Time_taken(min),rmse,,,,,,,,-1,-1,True,45451.0,9,-1,45451.0,Food_Delivery_Time,363672,,,,,,,,random,,,,,business & marketing,2023,Kaggle,1,0,30300.666666666668,15150.333333333334,30300.666666666668,15150.333333333334,-1,-1,9,9,r1f0,,,0.4863660510187994
Food_Delivery_Time,regression,False,Time_taken(min),rmse,,,,,,,,-1,-1,True,45451.0,9,-1,45451.0,Food_Delivery_Time,363672,,,,,,,,random,,,,,business & marketing,2023,Kaggle,1,1,30300.666666666668,15150.333333333334,30300.666666666668,15150.333333333334,-1,-1,9,9,r1f1,,,0.4863660510187994
Food_Delivery_Time,regression,False,Time_taken(min),rmse,,,,,,,,-1,-1,True,45451.0,9,-1,45451.0,Food_Delivery_Time,363672,,,,,,,,random,,,,,business & marketing,2023,Kaggle,1,2,30300.666666666668,15150.333333333334,30300.666666666668,15150.333333333334,-1,-1,9,9,r1f2,,,0.4863660510187994
Food_Delivery_Time,regression,False,Time_taken(min),rmse,,,,,,,,-1,-1,True,45451.0,9,-1,45451.0,Food_Delivery_Time,363672,,,,,,,,random,,,,,business & marketing,2023,Kaggle,2,0,30300.666666666668,15150.333333333334,30300.666666666668,15150.333333333334,-1,-1,9,9,r2f0,,,0.4863660510187994
Food_Delivery_Time,regression,False,Time_taken(min),rmse,,,,,,,,-1,-1,True,45451.0,9,-1,45451.0,Food_Delivery_Time,363672,,,,,,,,random,,,,,business & marketing,2023,Kaggle,2,1,30300.666666666668,15150.333333333334,30300.666666666668,15150.333333333334,-1,-1,9,9,r2f1,,,0.4863660510187994
Food_Delivery_Time,regression,False,Time_taken(min),rmse,,,,,,,,-1,-1,True,45451.0,9,-1,45451.0,Food_Delivery_Time,363672,,,,,,,,random,,,,,business & marketing,2023,Kaggle,2,2,30300.666666666668,15150.333333333334,30300.666666666668,15150.333333333334,-1,-1,9,9,r2f2,,,0.4863660510187994
GiveMeSomeCredit,binary,True,FinancialDistressNextTwoYears,roc_auc,,,FinancialDistressNextTwoYears,,,,,2,2,True,150000.0,10,2,150000.0,GiveMeSomeCredit,363673,,,,,,,,random,,,,,finance,2011,Kaggle,0,0,100000.0,50000.0,100000.0,50000.0,2,2,10,10,r0f0,0.06684,13.961101137043686,
GiveMeSomeCredit,binary,True,FinancialDistressNextTwoYears,roc_auc,,,FinancialDistressNextTwoYears,,,,,2,2,True,150000.0,10,2,150000.0,GiveMeSomeCredit,363673,,,,,,,,random,,,,,finance,2011,Kaggle,0,1,100000.0,50000.0,100000.0,50000.0,2,2,10,10,r0f1,0.06684,13.961101137043686,
GiveMeSomeCredit,binary,True,FinancialDistressNextTwoYears,roc_auc,,,FinancialDistressNextTwoYears,,,,,2,2,True,150000.0,10,2,150000.0,GiveMeSomeCredit,363673,,,,,,,,random,,,,,finance,2011,Kaggle,0,2,100000.0,50000.0,100000.0,50000.0,2,2,10,10,r0f2,0.06684,13.961101137043686,
GiveMeSomeCredit,binary,True,FinancialDistressNextTwoYears,roc_auc,,,FinancialDistressNextTwoYears,,,,,2,2,True,150000.0,10,2,150000.0,GiveMeSomeCredit,363673,,,,,,,,random,,,,,finance,2011,Kaggle,1,0,100000.0,50000.0,100000.0,50000.0,2,2,10,10,r1f0,0.06684,13.961101137043686,
GiveMeSomeCredit,binary,True,FinancialDistressNextTwoYears,roc_auc,,,FinancialDistressNextTwoYears,,,,,2,2,True,150000.0,10,2,150000.0,GiveMeSomeCredit,363673,,,,,,,,random,,,,,finance,2011,Kaggle,1,1,100000.0,50000.0,100000.0,50000.0,2,2,10,10,r1f1,0.06684,13.961101137043686,
GiveMeSomeCredit,binary,True,FinancialDistressNextTwoYears,roc_auc,,,FinancialDistressNextTwoYears,,,,,2,2,True,150000.0,10,2,150000.0,GiveMeSomeCredit,363673,,,,,,,,random,,,,,finance,2011,Kaggle,1,2,100000.0,50000.0,100000.0,50000.0,2,2,10,10,r1f2,0.06684,13.961101137043686,
GiveMeSomeCredit,binary,True,FinancialDistressNextTwoYears,roc_auc,,,FinancialDistressNextTwoYears,,,,,2,2,True,150000.0,10,2,150000.0,GiveMeSomeCredit,363673,,,,,,,,random,,,,,finance,2011,Kaggle,2,0,100000.0,50000.0,100000.0,50000.0,2,2,10,10,r2f0,0.06684,13.961101137043686,
GiveMeSomeCredit,binary,True,FinancialDistressNextTwoYears,roc_auc,,,FinancialDistressNextTwoYears,,,,,2,2,True,150000.0,10,2,150000.0,GiveMeSomeCredit,363673,,,,,,,,random,,,,,finance,2011,Kaggle,2,1,100000.0,50000.0,100000.0,50000.0,2,2,10,10,r2f1,0.06684,13.961101137043686,
GiveMeSomeCredit,binary,True,FinancialDistressNextTwoYears,roc_auc,,,FinancialDistressNextTwoYears,,,,,2,2,True,150000.0,10,2,150000.0,GiveMeSomeCredit,363673,,,,,,,,random,,,,,finance,2011,Kaggle,2,2,100000.0,50000.0,100000.0,50000.0,2,2,10,10,r2f2,0.06684,13.961101137043686,
hazelnut-spread-contaminant-detection,binary,True,Contaminated,roc_auc,,,Contaminated,,,,,2,2,True,2400.0,30,2,2400.0,hazelnut-spread-contaminant-detection,363674,,,,,,,,random,,,,,biology & life sciences,2020,OpenML,0,0,1600.0,800.0,1600.0,800.0,2,2,30,30,r0f0,0.5,1.0,
hazelnut-spread-contaminant-detection,binary,True,Contaminated,roc_auc,,,Contaminated,,,,,2,2,True,2400.0,30,2,2400.0,hazelnut-spread-contaminant-detection,363674,,,,,,,,random,,,,,biology & life sciences,2020,OpenML,0,1,1600.0,800.0,1600.0,800.0,2,2,30,30,r0f1,0.5,1.0,
hazelnut-spread-contaminant-detection,binary,True,Contaminated,roc_auc,,,Contaminated,,,,,2,2,True,2400.0,30,2,2400.0,hazelnut-spread-contaminant-detection,363674,,,,,,,,random,,,,,biology & life sciences,2020,OpenML,0,2,1600.0,800.0,1600.0,800.0,2,2,30,30,r0f2,0.5,1.0,
hazelnut-spread-contaminant-detection,binary,True,Contaminated,roc_auc,,,Contaminated,,,,,2,2,True,2400.0,30,2,2400.0,hazelnut-spread-contaminant-detection,363674,,,,,,,,random,,,,,biology & life sciences,2020,OpenML,1,0,1600.0,800.0,1600.0,800.0,2,2,30,30,r1f0,0.5,1.0,
hazelnut-spread-contaminant-detection,binary,True,Contaminated,roc_auc,,,Contaminated,,,,,2,2,True,2400.0,30,2,2400.0,hazelnut-spread-contaminant-detection,363674,,,,,,,,random,,,,,biology & life sciences,2020,OpenML,1,1,1600.0,800.0,1600.0,800.0,2,2,30,30,r1f1,0.5,1.0,
hazelnut-spread-contaminant-detection,binary,True,Contaminated,roc_auc,,,Contaminated,,,,,2,2,True,2400.0,30,2,2400.0,hazelnut-spread-contaminant-detection,363674,,,,,,,,random,,,,,biology & life sciences,2020,OpenML,1,2,1600.0,800.0,1600.0,800.0,2,2,30,30,r1f2,0.5,1.0,
hazelnut-spread-contaminant-detection,binary,True,Contaminated,roc_auc,,,Contaminated,,,,,2,2,True,2400.0,30,2,2400.0,hazelnut-spread-contaminant-detection,363674,,,,,,,,random,,,,,biology & life sciences,2020,OpenML,2,0,1600.0,800.0,1600.0,800.0,2,2,30,30,r2f0,0.5,1.0,
hazelnut-spread-contaminant-detection,binary,True,Contaminated,roc_auc,,,Contaminated,,,,,2,2,True,2400.0,30,2,2400.0,hazelnut-spread-contaminant-detection,363674,,,,,,,,random,,,,,biology & life sciences,2020,OpenML,2,1,1600.0,800.0,1600.0,800.0,2,2,30,30,r2f1,0.5,1.0,
hazelnut-spread-contaminant-detection,binary,True,Contaminated,roc_auc,,,Contaminated,,,,,2,2,True,2400.0,30,2,2400.0,hazelnut-spread-contaminant-detection,363674,,,,,,,,random,,,,,biology & life sciences,2020,OpenML,2,2,1600.0,800.0,1600.0,800.0,2,2,30,30,r2f2,0.5,1.0,
hazelnut-spread-contaminant-detection,binary,True,Contaminated,roc_auc,,,Contaminated,,,,,2,2,True,2400.0,30,2,2400.0,hazelnut-spread-contaminant-detection,363674,,,,,,,,random,,,,,biology & life sciences,2020,OpenML,3,0,1600.0,800.0,1600.0,800.0,2,2,30,30,r3f0,0.5,1.0,
hazelnut-spread-contaminant-detection,binary,True,Contaminated,roc_auc,,,Contaminated,,,,,2,2,True,2400.0,30,2,2400.0,hazelnut-spread-contaminant-detection,363674,,,,,,,,random,,,,,biology & life sciences,2020,OpenML,3,1,1600.0,800.0,1600.0,800.0,2,2,30,30,r3f1,0.5,1.0,
hazelnut-spread-contaminant-detection,binary,True,Contaminated,roc_auc,,,Contaminated,,,,,2,2,True,2400.0,30,2,2400.0,hazelnut-spread-contaminant-detection,363674,,,,,,,,random,,,,,biology & life sciences,2020,OpenML,3,2,1600.0,800.0,1600.0,800.0,2,2,30,30,r3f2,0.5,1.0,
hazelnut-spread-contaminant-detection,binary,True,Contaminated,roc_auc,,,Contaminated,,,,,2,2,True,2400.0,30,2,2400.0,hazelnut-spread-contaminant-detection,363674,,,,,,,,random,,,,,biology & life sciences,2020,OpenML,4,0,1600.0,800.0,1600.0,800.0,2,2,30,30,r4f0,0.5,1.0,
hazelnut-spread-contaminant-detection,binary,True,Contaminated,roc_auc,,,Contaminated,,,,,2,2,True,2400.0,30,2,2400.0,hazelnut-spread-contaminant-detection,363674,,,,,,,,random,,,,,biology & life sciences,2020,OpenML,4,1,1600.0,800.0,1600.0,800.0,2,2,30,30,r4f1,0.5,1.0,
hazelnut-spread-contaminant-detection,binary,True,Contaminated,roc_auc,,,Contaminated,,,,,2,2,True,2400.0,30,2,2400.0,hazelnut-spread-contaminant-detection,363674,,,,,,,,random,,,,,biology & life sciences,2020,OpenML,4,2,1600.0,800.0,1600.0,800.0,2,2,30,30,r4f2,0.5,1.0,
hazelnut-spread-contaminant-detection,binary,True,Contaminated,roc_auc,,,Contaminated,,,,,2,2,True,2400.0,30,2,2400.0,hazelnut-spread-contaminant-detection,363674,,,,,,,,random,,,,,biology & life sciences,2020,OpenML,5,0,1600.0,800.0,1600.0,800.0,2,2,30,30,r5f0,0.5,1.0,
hazelnut-spread-contaminant-detection,binary,True,Contaminated,roc_auc,,,Contaminated,,,,,2,2,True,2400.0,30,2,2400.0,hazelnut-spread-contaminant-detection,363674,,,,,,,,random,,,,,biology & life sciences,2020,OpenML,5,1,1600.0,800.0,1600.0,800.0,2,2,30,30,r5f1,0.5,1.0,
hazelnut-spread-contaminant-detection,binary,True,Contaminated,roc_auc,,,Contaminated,,,,,2,2,True,2400.0,30,2,2400.0,hazelnut-spread-contaminant-detection,363674,,,,,,,,random,,,,,biology & life sciences,2020,OpenML,5,2,1600.0,800.0,1600.0,800.0,2,2,30,30,r5f2,0.5,1.0,
hazelnut-spread-contaminant-detection,binary,True,Contaminated,roc_auc,,,Contaminated,,,,,2,2,True,2400.0,30,2,2400.0,hazelnut-spread-contaminant-detection,363674,,,,,,,,random,,,,,biology & life sciences,2020,OpenML,6,0,1600.0,800.0,1600.0,800.0,2,2,30,30,r6f0,0.5,1.0,
hazelnut-spread-contaminant-detection,binary,True,Contaminated,roc_auc,,,Contaminated,,,,,2,2,True,2400.0,30,2,2400.0,hazelnut-spread-contaminant-detection,363674,,,,,,,,random,,,,,biology & life sciences,2020,OpenML,6,1,1600.0,800.0,1600.0,800.0,2,2,30,30,r6f1,0.5,1.0,
hazelnut-spread-contaminant-detection,binary,True,Contaminated,roc_auc,,,Contaminated,,,,,2,2,True,2400.0,30,2,2400.0,hazelnut-spread-contaminant-detection,363674,,,,,,,,random,,,,,biology & life sciences,2020,OpenML,6,2,1600.0,800.0,1600.0,800.0,2,2,30,30,r6f2,0.5,1.0,
hazelnut-spread-contaminant-detection,binary,True,Contaminated,roc_auc,,,Contaminated,,,,,2,2,True,2400.0,30,2,2400.0,hazelnut-spread-contaminant-detection,363674,,,,,,,,random,,,,,biology & life sciences,2020,OpenML,7,0,1600.0,800.0,1600.0,800.0,2,2,30,30,r7f0,0.5,1.0,
hazelnut-spread-contaminant-detection,binary,True,Contaminated,roc_auc,,,Contaminated,,,,,2,2,True,2400.0,30,2,2400.0,hazelnut-spread-contaminant-detection,363674,,,,,,,,random,,,,,biology & life sciences,2020,OpenML,7,1,1600.0,800.0,1600.0,800.0,2,2,30,30,r7f1,0.5,1.0,
hazelnut-spread-contaminant-detection,binary,True,Contaminated,roc_auc,,,Contaminated,,,,,2,2,True,2400.0,30,2,2400.0,hazelnut-spread-contaminant-detection,363674,,,,,,,,random,,,,,biology & life sciences,2020,OpenML,7,2,1600.0,800.0,1600.0,800.0,2,2,30,30,r7f2,0.5,1.0,
hazelnut-spread-contaminant-detection,binary,True,Contaminated,roc_auc,,,Contaminated,,,,,2,2,True,2400.0,30,2,2400.0,hazelnut-spread-contaminant-detection,363674,,,,,,,,random,,,,,biology & life sciences,2020,OpenML,8,0,1600.0,800.0,1600.0,800.0,2,2,30,30,r8f0,0.5,1.0,
hazelnut-spread-contaminant-detection,binary,True,Contaminated,roc_auc,,,Contaminated,,,,,2,2,True,2400.0,30,2,2400.0,hazelnut-spread-contaminant-detection,363674,,,,,,,,random,,,,,biology & life sciences,2020,OpenML,8,1,1600.0,800.0,1600.0,800.0,2,2,30,30,r8f1,0.5,1.0,
hazelnut-spread-contaminant-detection,binary,True,Contaminated,roc_auc,,,Contaminated,,,,,2,2,True,2400.0,30,2,2400.0,hazelnut-spread-contaminant-detection,363674,,,,,,,,random,,,,,biology & life sciences,2020,OpenML,8,2,1600.0,800.0,1600.0,800.0,2,2,30,30,r8f2,0.5,1.0,
hazelnut-spread-contaminant-detection,binary,True,Contaminated,roc_auc,,,Contaminated,,,,,2,2,True,2400.0,30,2,2400.0,hazelnut-spread-contaminant-detection,363674,,,,,,,,random,,,,,biology & life sciences,2020,OpenML,9,0,1600.0,800.0,1600.0,800.0,2,2,30,30,r9f0,0.5,1.0,
hazelnut-spread-contaminant-detection,binary,True,Contaminated,roc_auc,,,Contaminated,,,,,2,2,True,2400.0,30,2,2400.0,hazelnut-spread-contaminant-detection,363674,,,,,,,,random,,,,,biology & life sciences,2020,OpenML,9,1,1600.0,800.0,1600.0,800.0,2,2,30,30,r9f1,0.5,1.0,
hazelnut-spread-contaminant-detection,binary,True,Contaminated,roc_auc,,,Contaminated,,,,,2,2,True,2400.0,30,2,2400.0,hazelnut-spread-contaminant-detection,363674,,,,,,,,random,,,,,biology & life sciences,2020,OpenML,9,2,1600.0,800.0,1600.0,800.0,2,2,30,30,r9f2,0.5,1.0,
healthcare_insurance_expenses,regression,False,charges,rmse,,,,,,,,-1,-1,True,1338.0,6,-1,1338.0,healthcare_insurance_expenses,363675,,,,,,,,random,,,,,medical & healthcare,2023,Kaggle,0,0,892.0,446.0,892.0,446.0,-1,-1,6,6,r0f0,,,1.5141797118745743
healthcare_insurance_expenses,regression,False,charges,rmse,,,,,,,,-1,-1,True,1338.0,6,-1,1338.0,healthcare_insurance_expenses,363675,,,,,,,,random,,,,,medical & healthcare,2023,Kaggle,0,1,892.0,446.0,892.0,446.0,-1,-1,6,6,r0f1,,,1.5141797118745743
healthcare_insurance_expenses,regression,False,charges,rmse,,,,,,,,-1,-1,True,1338.0,6,-1,1338.0,healthcare_insurance_expenses,363675,,,,,,,,random,,,,,medical & healthcare,2023,Kaggle,0,2,892.0,446.0,892.0,446.0,-1,-1,6,6,r0f2,,,1.5141797118745743
healthcare_insurance_expenses,regression,False,charges,rmse,,,,,,,,-1,-1,True,1338.0,6,-1,1338.0,healthcare_insurance_expenses,363675,,,,,,,,random,,,,,medical & healthcare,2023,Kaggle,1,0,892.0,446.0,892.0,446.0,-1,-1,6,6,r1f0,,,1.5141797118745743
healthcare_insurance_expenses,regression,False,charges,rmse,,,,,,,,-1,-1,True,1338.0,6,-1,1338.0,healthcare_insurance_expenses,363675,,,,,,,,random,,,,,medical & healthcare,2023,Kaggle,1,1,892.0,446.0,892.0,446.0,-1,-1,6,6,r1f1,,,1.5141797118745743
healthcare_insurance_expenses,regression,False,charges,rmse,,,,,,,,-1,-1,True,1338.0,6,-1,1338.0,healthcare_insurance_expenses,363675,,,,,,,,random,,,,,medical & healthcare,2023,Kaggle,1,2,892.0,446.0,892.0,446.0,-1,-1,6,6,r1f2,,,1.5141797118745743
healthcare_insurance_expenses,regression,False,charges,rmse,,,,,,,,-1,-1,True,1338.0,6,-1,1338.0,healthcare_insurance_expenses,363675,,,,,,,,random,,,,,medical & healthcare,2023,Kaggle,2,0,892.0,446.0,892.0,446.0,-1,-1,6,6,r2f0,,,1.5141797118745743
healthcare_insurance_expenses,regression,False,charges,rmse,,,,,,,,-1,-1,True,1338.0,6,-1,1338.0,healthcare_insurance_expenses,363675,,,,,,,,random,,,,,medical & healthcare,2023,Kaggle,2,1,892.0,446.0,892.0,446.0,-1,-1,6,6,r2f1,,,1.5141797118745743
healthcare_insurance_expenses,regression,False,charges,rmse,,,,,,,,-1,-1,True,1338.0,6,-1,1338.0,healthcare_insurance_expenses,363675,,,,,,,,random,,,,,medical & healthcare,2023,Kaggle,2,2,892.0,446.0,892.0,446.0,-1,-1,6,6,r2f2,,,1.5141797118745743
healthcare_insurance_expenses,regression,False,charges,rmse,,,,,,,,-1,-1,True,1338.0,6,-1,1338.0,healthcare_insurance_expenses,363675,,,,,,,,random,,,,,medical & healthcare,2023,Kaggle,3,0,892.0,446.0,892.0,446.0,-1,-1,6,6,r3f0,,,1.5141797118745743
healthcare_insurance_expenses,regression,False,charges,rmse,,,,,,,,-1,-1,True,1338.0,6,-1,1338.0,healthcare_insurance_expenses,363675,,,,,,,,random,,,,,medical & healthcare,2023,Kaggle,3,1,892.0,446.0,892.0,446.0,-1,-1,6,6,r3f1,,,1.5141797118745743
healthcare_insurance_expenses,regression,False,charges,rmse,,,,,,,,-1,-1,True,1338.0,6,-1,1338.0,healthcare_insurance_expenses,363675,,,,,,,,random,,,,,medical & healthcare,2023,Kaggle,3,2,892.0,446.0,892.0,446.0,-1,-1,6,6,r3f2,,,1.5141797118745743
healthcare_insurance_expenses,regression,False,charges,rmse,,,,,,,,-1,-1,True,1338.0,6,-1,1338.0,healthcare_insurance_expenses,363675,,,,,,,,random,,,,,medical & healthcare,2023,Kaggle,4,0,892.0,446.0,892.0,446.0,-1,-1,6,6,r4f0,,,1.5141797118745743
healthcare_insurance_expenses,regression,False,charges,rmse,,,,,,,,-1,-1,True,1338.0,6,-1,1338.0,healthcare_insurance_expenses,363675,,,,,,,,random,,,,,medical & healthcare,2023,Kaggle,4,1,892.0,446.0,892.0,446.0,-1,-1,6,6,r4f1,,,1.5141797118745743
healthcare_insurance_expenses,regression,False,charges,rmse,,,,,,,,-1,-1,True,1338.0,6,-1,1338.0,healthcare_insurance_expenses,363675,,,,,,,,random,,,,,medical & healthcare,2023,Kaggle,4,2,892.0,446.0,892.0,446.0,-1,-1,6,6,r4f2,,,1.5141797118745743
healthcare_insurance_expenses,regression,False,charges,rmse,,,,,,,,-1,-1,True,1338.0,6,-1,1338.0,healthcare_insurance_expenses,363675,,,,,,,,random,,,,,medical & healthcare,2023,Kaggle,5,0,892.0,446.0,892.0,446.0,-1,-1,6,6,r5f0,,,1.5141797118745743
healthcare_insurance_expenses,regression,False,charges,rmse,,,,,,,,-1,-1,True,1338.0,6,-1,1338.0,healthcare_insurance_expenses,363675,,,,,,,,random,,,,,medical & healthcare,2023,Kaggle,5,1,892.0,446.0,892.0,446.0,-1,-1,6,6,r5f1,,,1.5141797118745743
healthcare_insurance_expenses,regression,False,charges,rmse,,,,,,,,-1,-1,True,1338.0,6,-1,1338.0,healthcare_insurance_expenses,363675,,,,,,,,random,,,,,medical & healthcare,2023,Kaggle,5,2,892.0,446.0,892.0,446.0,-1,-1,6,6,r5f2,,,1.5141797118745743
healthcare_insurance_expenses,regression,False,charges,rmse,,,,,,,,-1,-1,True,1338.0,6,-1,1338.0,healthcare_insurance_expenses,363675,,,,,,,,random,,,,,medical & healthcare,2023,Kaggle,6,0,892.0,446.0,892.0,446.0,-1,-1,6,6,r6f0,,,1.5141797118745743
healthcare_insurance_expenses,regression,False,charges,rmse,,,,,,,,-1,-1,True,1338.0,6,-1,1338.0,healthcare_insurance_expenses,363675,,,,,,,,random,,,,,medical & healthcare,2023,Kaggle,6,1,892.0,446.0,892.0,446.0,-1,-1,6,6,r6f1,,,1.5141797118745743
healthcare_insurance_expenses,regression,False,charges,rmse,,,,,,,,-1,-1,True,1338.0,6,-1,1338.0,healthcare_insurance_expenses,363675,,,,,,,,random,,,,,medical & healthcare,2023,Kaggle,6,2,892.0,446.0,892.0,446.0,-1,-1,6,6,r6f2,,,1.5141797118745743
healthcare_insurance_expenses,regression,False,charges,rmse,,,,,,,,-1,-1,True,1338.0,6,-1,1338.0,healthcare_insurance_expenses,363675,,,,,,,,random,,,,,medical & healthcare,2023,Kaggle,7,0,892.0,446.0,892.0,446.0,-1,-1,6,6,r7f0,,,1.5141797118745743
healthcare_insurance_expenses,regression,False,charges,rmse,,,,,,,,-1,-1,True,1338.0,6,-1,1338.0,healthcare_insurance_expenses,363675,,,,,,,,random,,,,,medical & healthcare,2023,Kaggle,7,1,892.0,446.0,892.0,446.0,-1,-1,6,6,r7f1,,,1.5141797118745743
healthcare_insurance_expenses,regression,False,charges,rmse,,,,,,,,-1,-1,True,1338.0,6,-1,1338.0,healthcare_insurance_expenses,363675,,,,,,,,random,,,,,medical & healthcare,2023,Kaggle,7,2,892.0,446.0,892.0,446.0,-1,-1,6,6,r7f2,,,1.5141797118745743
healthcare_insurance_expenses,regression,False,charges,rmse,,,,,,,,-1,-1,True,1338.0,6,-1,1338.0,healthcare_insurance_expenses,363675,,,,,,,,random,,,,,medical & healthcare,2023,Kaggle,8,0,892.0,446.0,892.0,446.0,-1,-1,6,6,r8f0,,,1.5141797118745743
healthcare_insurance_expenses,regression,False,charges,rmse,,,,,,,,-1,-1,True,1338.0,6,-1,1338.0,healthcare_insurance_expenses,363675,,,,,,,,random,,,,,medical & healthcare,2023,Kaggle,8,1,892.0,446.0,892.0,446.0,-1,-1,6,6,r8f1,,,1.5141797118745743
healthcare_insurance_expenses,regression,False,charges,rmse,,,,,,,,-1,-1,True,1338.0,6,-1,1338.0,healthcare_insurance_expenses,363675,,,,,,,,random,,,,,medical & healthcare,2023,Kaggle,8,2,892.0,446.0,892.0,446.0,-1,-1,6,6,r8f2,,,1.5141797118745743
healthcare_insurance_expenses,regression,False,charges,rmse,,,,,,,,-1,-1,True,1338.0,6,-1,1338.0,healthcare_insurance_expenses,363675,,,,,,,,random,,,,,medical & healthcare,2023,Kaggle,9,0,892.0,446.0,892.0,446.0,-1,-1,6,6,r9f0,,,1.5141797118745743
healthcare_insurance_expenses,regression,False,charges,rmse,,,,,,,,-1,-1,True,1338.0,6,-1,1338.0,healthcare_insurance_expenses,363675,,,,,,,,random,,,,,medical & healthcare,2023,Kaggle,9,1,892.0,446.0,892.0,446.0,-1,-1,6,6,r9f1,,,1.5141797118745743
healthcare_insurance_expenses,regression,False,charges,rmse,,,,,,,,-1,-1,True,1338.0,6,-1,1338.0,healthcare_insurance_expenses,363675,,,,,,,,random,,,,,medical & healthcare,2023,Kaggle,9,2,892.0,446.0,892.0,446.0,-1,-1,6,6,r9f2,,,1.5141797118745743
heloc,binary,True,RiskPerformance,roc_auc,,,RiskPerformance,,,,,2,2,True,10459.0,23,2,10459.0,heloc,363676,,,,,,,,random,,,,,finance,2021,Kaggle,0,0,6972.666666666667,3486.3333333333335,6972.666666666667,3486.3333333333335,2,2,23,23,r0f0,0.4780571756382063,1.0918,
heloc,binary,True,RiskPerformance,roc_auc,,,RiskPerformance,,,,,2,2,True,10459.0,23,2,10459.0,heloc,363676,,,,,,,,random,,,,,finance,2021,Kaggle,0,1,6972.666666666667,3486.3333333333335,6972.666666666667,3486.3333333333335,2,2,23,23,r0f1,0.4780571756382063,1.0918,
heloc,binary,True,RiskPerformance,roc_auc,,,RiskPerformance,,,,,2,2,True,10459.0,23,2,10459.0,heloc,363676,,,,,,,,random,,,,,finance,2021,Kaggle,0,2,6972.666666666667,3486.3333333333335,6972.666666666667,3486.3333333333335,2,2,23,23,r0f2,0.4780571756382063,1.0918,
heloc,binary,True,RiskPerformance,roc_auc,,,RiskPerformance,,,,,2,2,True,10459.0,23,2,10459.0,heloc,363676,,,,,,,,random,,,,,finance,2021,Kaggle,1,0,6972.666666666667,3486.3333333333335,6972.666666666667,3486.3333333333335,2,2,23,23,r1f0,0.4780571756382063,1.0918,
heloc,binary,True,RiskPerformance,roc_auc,,,RiskPerformance,,,,,2,2,True,10459.0,23,2,10459.0,heloc,363676,,,,,,,,random,,,,,finance,2021,Kaggle,1,1,6972.666666666667,3486.3333333333335,6972.666666666667,3486.3333333333335,2,2,23,23,r1f1,0.4780571756382063,1.0918,
heloc,binary,True,RiskPerformance,roc_auc,,,RiskPerformance,,,,,2,2,True,10459.0,23,2,10459.0,heloc,363676,,,,,,,,random,,,,,finance,2021,Kaggle,1,2,6972.666666666667,3486.3333333333335,6972.666666666667,3486.3333333333335,2,2,23,23,r1f2,0.4780571756382063,1.0918,
heloc,binary,True,RiskPerformance,roc_auc,,,RiskPerformance,,,,,2,2,True,10459.0,23,2,10459.0,heloc,363676,,,,,,,,random,,,,,finance,2021,Kaggle,2,0,6972.666666666667,3486.3333333333335,6972.666666666667,3486.3333333333335,2,2,23,23,r2f0,0.4780571756382063,1.0918,
heloc,binary,True,RiskPerformance,roc_auc,,,RiskPerformance,,,,,2,2,True,10459.0,23,2,10459.0,heloc,363676,,,,,,,,random,,,,,finance,2021,Kaggle,2,1,6972.666666666667,3486.3333333333335,6972.666666666667,3486.3333333333335,2,2,23,23,r2f1,0.4780571756382063,1.0918,
heloc,binary,True,RiskPerformance,roc_auc,,,RiskPerformance,,,,,2,2,True,10459.0,23,2,10459.0,heloc,363676,,,,,,,,random,,,,,finance,2021,Kaggle,2,2,6972.666666666667,3486.3333333333335,6972.666666666667,3486.3333333333335,2,2,23,23,r2f2,0.4780571756382063,1.0918,
hiva_agnostic,multiclass,True,CompoundActivity,log_loss,,,CompoundActivity,,,,,3,3,True,3845.0,1617,3,3845.0,hiva_agnostic,363677,,,,,,,,random,,,,,chemistry & material science,2007,Other,0,0,2563.3333333333335,1281.6666666666667,2563.3333333333335,1281.6666666666667,3,3,1617,1617,r0f0,0.0109232769830949,88.33333333333333,
hiva_agnostic,multiclass,True,CompoundActivity,log_loss,,,CompoundActivity,,,,,3,3,True,3845.0,1617,3,3845.0,hiva_agnostic,363677,,,,,,,,random,,,,,chemistry & material science,2007,Other,0,1,2563.3333333333335,1281.6666666666667,2563.3333333333335,1281.6666666666667,3,3,1617,1617,r0f1,0.0109232769830949,88.33333333333333,
hiva_agnostic,multiclass,True,CompoundActivity,log_loss,,,CompoundActivity,,,,,3,3,True,3845.0,1617,3,3845.0,hiva_agnostic,363677,,,,,,,,random,,,,,chemistry & material science,2007,Other,0,2,2563.3333333333335,1281.6666666666667,2563.3333333333335,1281.6666666666667,3,3,1617,1617,r0f2,0.0109232769830949,88.33333333333333,
hiva_agnostic,multiclass,True,CompoundActivity,log_loss,,,CompoundActivity,,,,,3,3,True,3845.0,1617,3,3845.0,hiva_agnostic,363677,,,,,,,,random,,,,,chemistry & material science,2007,Other,1,0,2563.3333333333335,1281.6666666666667,2563.3333333333335,1281.6666666666667,3,3,1617,1617,r1f0,0.0109232769830949,88.33333333333333,
hiva_agnostic,multiclass,True,CompoundActivity,log_loss,,,CompoundActivity,,,,,3,3,True,3845.0,1617,3,3845.0,hiva_agnostic,363677,,,,,,,,random,,,,,chemistry & material science,2007,Other,1,1,2563.3333333333335,1281.6666666666667,2563.3333333333335,1281.6666666666667,3,3,1617,1617,r1f1,0.0109232769830949,88.33333333333333,
hiva_agnostic,multiclass,True,CompoundActivity,log_loss,,,CompoundActivity,,,,,3,3,True,3845.0,1617,3,3845.0,hiva_agnostic,363677,,,,,,,,random,,,,,chemistry & material science,2007,Other,1,2,2563.3333333333335,1281.6666666666667,2563.3333333333335,1281.6666666666667,3,3,1617,1617,r1f2,0.0109232769830949,88.33333333333333,
hiva_agnostic,multiclass,True,CompoundActivity,log_loss,,,CompoundActivity,,,,,3,3,True,3845.0,1617,3,3845.0,hiva_agnostic,363677,,,,,,,,random,,,,,chemistry & material science,2007,Other,2,0,2563.3333333333335,1281.6666666666667,2563.3333333333335,1281.6666666666667,3,3,1617,1617,r2f0,0.0109232769830949,88.33333333333333,
hiva_agnostic,multiclass,True,CompoundActivity,log_loss,,,CompoundActivity,,,,,3,3,True,3845.0,1617,3,3845.0,hiva_agnostic,363677,,,,,,,,random,,,,,chemistry & material science,2007,Other,2,1,2563.3333333333335,1281.6666666666667,2563.3333333333335,1281.6666666666667,3,3,1617,1617,r2f1,0.0109232769830949,88.33333333333333,
hiva_agnostic,multiclass,True,CompoundActivity,log_loss,,,CompoundActivity,,,,,3,3,True,3845.0,1617,3,3845.0,hiva_agnostic,363677,,,,,,,,random,,,,,chemistry & material science,2007,Other,2,2,2563.3333333333335,1281.6666666666667,2563.3333333333335,1281.6666666666667,3,3,1617,1617,r2f2,0.0109232769830949,88.33333333333333,
houses,regression,False,LnMedianHouseValue,rmse,,,,,,,,-1,-1,True,20640.0,8,-1,20640.0,houses,363678,,,,,,,,random,,,,,business & marketing,1990,Other,0,0,13760.0,6880.0,13760.0,6880.0,-1,-1,8,8,r0f0,,,-0.1731628046500892
houses,regression,False,LnMedianHouseValue,rmse,,,,,,,,-1,-1,True,20640.0,8,-1,20640.0,houses,363678,,,,,,,,random,,,,,business & marketing,1990,Other,0,1,13760.0,6880.0,13760.0,6880.0,-1,-1,8,8,r0f1,,,-0.1731628046500892
houses,regression,False,LnMedianHouseValue,rmse,,,,,,,,-1,-1,True,20640.0,8,-1,20640.0,houses,363678,,,,,,,,random,,,,,business & marketing,1990,Other,0,2,13760.0,6880.0,13760.0,6880.0,-1,-1,8,8,r0f2,,,-0.1731628046500892
houses,regression,False,LnMedianHouseValue,rmse,,,,,,,,-1,-1,True,20640.0,8,-1,20640.0,houses,363678,,,,,,,,random,,,,,business & marketing,1990,Other,1,0,13760.0,6880.0,13760.0,6880.0,-1,-1,8,8,r1f0,,,-0.1731628046500892
houses,regression,False,LnMedianHouseValue,rmse,,,,,,,,-1,-1,True,20640.0,8,-1,20640.0,houses,363678,,,,,,,,random,,,,,business & marketing,1990,Other,1,1,13760.0,6880.0,13760.0,6880.0,-1,-1,8,8,r1f1,,,-0.1731628046500892
houses,regression,False,LnMedianHouseValue,rmse,,,,,,,,-1,-1,True,20640.0,8,-1,20640.0,houses,363678,,,,,,,,random,,,,,business & marketing,1990,Other,1,2,13760.0,6880.0,13760.0,6880.0,-1,-1,8,8,r1f2,,,-0.1731628046500892
houses,regression,False,LnMedianHouseValue,rmse,,,,,,,,-1,-1,True,20640.0,8,-1,20640.0,houses,363678,,,,,,,,random,,,,,business & marketing,1990,Other,2,0,13760.0,6880.0,13760.0,6880.0,-1,-1,8,8,r2f0,,,-0.1731628046500892
houses,regression,False,LnMedianHouseValue,rmse,,,,,,,,-1,-1,True,20640.0,8,-1,20640.0,houses,363678,,,,,,,,random,,,,,business & marketing,1990,Other,2,1,13760.0,6880.0,13760.0,6880.0,-1,-1,8,8,r2f1,,,-0.1731628046500892
houses,regression,False,LnMedianHouseValue,rmse,,,,,,,,-1,-1,True,20640.0,8,-1,20640.0,houses,363678,,,,,,,,random,,,,,business & marketing,1990,Other,2,2,13760.0,6880.0,13760.0,6880.0,-1,-1,8,8,r2f2,,,-0.1731628046500892
HR_Analytics_Job_Change_of_Data_Scientists,binary,True,LookingForJobChange,roc_auc,,,LookingForJobChange,,,,,2,2,True,19158.0,12,2,19158.0,HR_Analytics_Job_Change_of_Data_Scientists,363679,,,,,,,,random,,,,,business & marketing,2021,Kaggle,0,0,12772.0,6386.0,12772.0,6386.0,2,2,12,12,r0f0,0.2493475310575216,3.0104668201800293,
HR_Analytics_Job_Change_of_Data_Scientists,binary,True,LookingForJobChange,roc_auc,,,LookingForJobChange,,,,,2,2,True,19158.0,12,2,19158.0,HR_Analytics_Job_Change_of_Data_Scientists,363679,,,,,,,,random,,,,,business & marketing,2021,Kaggle,0,1,12772.0,6386.0,12772.0,6386.0,2,2,12,12,r0f1,0.2493475310575216,3.0104668201800293,
HR_Analytics_Job_Change_of_Data_Scientists,binary,True,LookingForJobChange,roc_auc,,,LookingForJobChange,,,,,2,2,True,19158.0,12,2,19158.0,HR_Analytics_Job_Change_of_Data_Scientists,363679,,,,,,,,random,,,,,business & marketing,2021,Kaggle,0,2,12772.0,6386.0,12772.0,6386.0,2,2,12,12,r0f2,0.2493475310575216,3.0104668201800293,
HR_Analytics_Job_Change_of_Data_Scientists,binary,True,LookingForJobChange,roc_auc,,,LookingForJobChange,,,,,2,2,True,19158.0,12,2,19158.0,HR_Analytics_Job_Change_of_Data_Scientists,363679,,,,,,,,random,,,,,business & marketing,2021,Kaggle,1,0,12772.0,6386.0,12772.0,6386.0,2,2,12,12,r1f0,0.2493475310575216,3.0104668201800293,
HR_Analytics_Job_Change_of_Data_Scientists,binary,True,LookingForJobChange,roc_auc,,,LookingForJobChange,,,,,2,2,True,19158.0,12,2,19158.0,HR_Analytics_Job_Change_of_Data_Scientists,363679,,,,,,,,random,,,,,business & marketing,2021,Kaggle,1,1,12772.0,6386.0,12772.0,6386.0,2,2,12,12,r1f1,0.2493475310575216,3.0104668201800293,
HR_Analytics_Job_Change_of_Data_Scientists,binary,True,LookingForJobChange,roc_auc,,,LookingForJobChange,,,,,2,2,True,19158.0,12,2,19158.0,HR_Analytics_Job_Change_of_Data_Scientists,363679,,,,,,,,random,,,,,business & marketing,2021,Kaggle,1,2,12772.0,6386.0,12772.0,6386.0,2,2,12,12,r1f2,0.2493475310575216,3.0104668201800293,
HR_Analytics_Job_Change_of_Data_Scientists,binary,True,LookingForJobChange,roc_auc,,,LookingForJobChange,,,,,2,2,True,19158.0,12,2,19158.0,HR_Analytics_Job_Change_of_Data_Scientists,363679,,,,,,,,random,,,,,business & marketing,2021,Kaggle,2,0,12772.0,6386.0,12772.0,6386.0,2,2,12,12,r2f0,0.2493475310575216,3.0104668201800293,
HR_Analytics_Job_Change_of_Data_Scientists,binary,True,LookingForJobChange,roc_auc,,,LookingForJobChange,,,,,2,2,True,19158.0,12,2,19158.0,HR_Analytics_Job_Change_of_Data_Scientists,363679,,,,,,,,random,,,,,business & marketing,2021,Kaggle,2,1,12772.0,6386.0,12772.0,6386.0,2,2,12,12,r2f1,0.2493475310575216,3.0104668201800293,
HR_Analytics_Job_Change_of_Data_Scientists,binary,True,LookingForJobChange,roc_auc,,,LookingForJobChange,,,,,2,2,True,19158.0,12,2,19158.0,HR_Analytics_Job_Change_of_Data_Scientists,363679,,,,,,,,random,,,,,business & marketing,2021,Kaggle,2,2,12772.0,6386.0,12772.0,6386.0,2,2,12,12,r2f2,0.2493475310575216,3.0104668201800293,
in_vehicle_coupon_recommendation,binary,True,AcceptCoupon,roc_auc,,,AcceptCoupon,,,,,2,2,True,12684.0,24,2,12684.0,in_vehicle_coupon_recommendation,363681,,,,,,,,random,,,,,business & marketing,2017,UCI,0,0,8456.0,4228.0,8456.0,4228.0,2,2,24,24,r0f0,0.4315673289183223,1.317135549872123,
in_vehicle_coupon_recommendation,binary,True,AcceptCoupon,roc_auc,,,AcceptCoupon,,,,,2,2,True,12684.0,24,2,12684.0,in_vehicle_coupon_recommendation,363681,,,,,,,,random,,,,,business & marketing,2017,UCI,0,1,8456.0,4228.0,8456.0,4228.0,2,2,24,24,r0f1,0.4315673289183223,1.317135549872123,
in_vehicle_coupon_recommendation,binary,True,AcceptCoupon,roc_auc,,,AcceptCoupon,,,,,2,2,True,12684.0,24,2,12684.0,in_vehicle_coupon_recommendation,363681,,,,,,,,random,,,,,business & marketing,2017,UCI,0,2,8456.0,4228.0,8456.0,4228.0,2,2,24,24,r0f2,0.4315673289183223,1.317135549872123,
in_vehicle_coupon_recommendation,binary,True,AcceptCoupon,roc_auc,,,AcceptCoupon,,,,,2,2,True,12684.0,24,2,12684.0,in_vehicle_coupon_recommendation,363681,,,,,,,,random,,,,,business & marketing,2017,UCI,1,0,8456.0,4228.0,8456.0,4228.0,2,2,24,24,r1f0,0.4315673289183223,1.317135549872123,
in_vehicle_coupon_recommendation,binary,True,AcceptCoupon,roc_auc,,,AcceptCoupon,,,,,2,2,True,12684.0,24,2,12684.0,in_vehicle_coupon_recommendation,363681,,,,,,,,random,,,,,business & marketing,2017,UCI,1,1,8456.0,4228.0,8456.0,4228.0,2,2,24,24,r1f1,0.4315673289183223,1.317135549872123,
in_vehicle_coupon_recommendation,binary,True,AcceptCoupon,roc_auc,,,AcceptCoupon,,,,,2,2,True,12684.0,24,2,12684.0,in_vehicle_coupon_recommendation,363681,,,,,,,,random,,,,,business & marketing,2017,UCI,1,2,8456.0,4228.0,8456.0,4228.0,2,2,24,24,r1f2,0.4315673289183223,1.317135549872123,
in_vehicle_coupon_recommendation,binary,True,AcceptCoupon,roc_auc,,,AcceptCoupon,,,,,2,2,True,12684.0,24,2,12684.0,in_vehicle_coupon_recommendation,363681,,,,,,,,random,,,,,business & marketing,2017,UCI,2,0,8456.0,4228.0,8456.0,4228.0,2,2,24,24,r2f0,0.4315673289183223,1.317135549872123,
in_vehicle_coupon_recommendation,binary,True,AcceptCoupon,roc_auc,,,AcceptCoupon,,,,,2,2,True,12684.0,24,2,12684.0,in_vehicle_coupon_recommendation,363681,,,,,,,,random,,,,,business & marketing,2017,UCI,2,1,8456.0,4228.0,8456.0,4228.0,2,2,24,24,r2f1,0.4315673289183223,1.317135549872123,
in_vehicle_coupon_recommendation,binary,True,AcceptCoupon,roc_auc,,,AcceptCoupon,,,,,2,2,True,12684.0,24,2,12684.0,in_vehicle_coupon_recommendation,363681,,,,,,,,random,,,,,business & marketing,2017,UCI,2,2,8456.0,4228.0,8456.0,4228.0,2,2,24,24,r2f2,0.4315673289183223,1.317135549872123,
Is-this-a-good-customer,binary,True,bad_client_target,roc_auc,,,bad_client_target,,,,,2,2,True,1723.0,13,2,1723.0,Is-this-a-good-customer,363682,,,,,,,,random,,,,,business & marketing,2020,Kaggle,0,0,1148.6666666666667,574.3333333333334,1148.6666666666667,574.3333333333334,2,2,13,13,r0f0,0.1137550783517121,7.790816326530612,
Is-this-a-good-customer,binary,True,bad_client_target,roc_auc,,,bad_client_target,,,,,2,2,True,1723.0,13,2,1723.0,Is-this-a-good-customer,363682,,,,,,,,random,,,,,business & marketing,2020,Kaggle,0,1,1148.6666666666667,574.3333333333334,1148.6666666666667,574.3333333333334,2,2,13,13,r0f1,0.1137550783517121,7.790816326530612,
Is-this-a-good-customer,binary,True,bad_client_target,roc_auc,,,bad_client_target,,,,,2,2,True,1723.0,13,2,1723.0,Is-this-a-good-customer,363682,,,,,,,,random,,,,,business & marketing,2020,Kaggle,0,2,1148.6666666666667,574.3333333333334,1148.6666666666667,574.3333333333334,2,2,13,13,r0f2,0.1137550783517121,7.790816326530612,
Is-this-a-good-customer,binary,True,bad_client_target,roc_auc,,,bad_client_target,,,,,2,2,True,1723.0,13,2,1723.0,Is-this-a-good-customer,363682,,,,,,,,random,,,,,business & marketing,2020,Kaggle,1,0,1148.6666666666667,574.3333333333334,1148.6666666666667,574.3333333333334,2,2,13,13,r1f0,0.1137550783517121,7.790816326530612,
Is-this-a-good-customer,binary,True,bad_client_target,roc_auc,,,bad_client_target,,,,,2,2,True,1723.0,13,2,1723.0,Is-this-a-good-customer,363682,,,,,,,,random,,,,,business & marketing,2020,Kaggle,1,1,1148.6666666666667,574.3333333333334,1148.6666666666667,574.3333333333334,2,2,13,13,r1f1,0.1137550783517121,7.790816326530612,
Is-this-a-good-customer,binary,True,bad_client_target,roc_auc,,,bad_client_target,,,,,2,2,True,1723.0,13,2,1723.0,Is-this-a-good-customer,363682,,,,,,,,random,,,,,business & marketing,2020,Kaggle,1,2,1148.6666666666667,574.3333333333334,1148.6666666666667,574.3333333333334,2,2,13,13,r1f2,0.1137550783517121,7.790816326530612,
Is-this-a-good-customer,binary,True,bad_client_target,roc_auc,,,bad_client_target,,,,,2,2,True,1723.0,13,2,1723.0,Is-this-a-good-customer,363682,,,,,,,,random,,,,,business & marketing,2020,Kaggle,2,0,1148.6666666666667,574.3333333333334,1148.6666666666667,574.3333333333334,2,2,13,13,r2f0,0.1137550783517121,7.790816326530612,
Is-this-a-good-customer,binary,True,bad_client_target,roc_auc,,,bad_client_target,,,,,2,2,True,1723.0,13,2,1723.0,Is-this-a-good-customer,363682,,,,,,,,random,,,,,business & marketing,2020,Kaggle,2,1,1148.6666666666667,574.3333333333334,1148.6666666666667,574.3333333333334,2,2,13,13,r2f1,0.1137550783517121,7.790816326530612,
Is-this-a-good-customer,binary,True,bad_client_target,roc_auc,,,bad_client_target,,,,,2,2,True,1723.0,13,2,1723.0,Is-this-a-good-customer,363682,,,,,,,,random,,,,,business & marketing,2020,Kaggle,2,2,1148.6666666666667,574.3333333333334,1148.6666666666667,574.3333333333334,2,2,13,13,r2f2,0.1137550783517121,7.790816326530612,
Is-this-a-good-customer,binary,True,bad_client_target,roc_auc,,,bad_client_target,,,,,2,2,True,1723.0,13,2,1723.0,Is-this-a-good-customer,363682,,,,,,,,random,,,,,business & marketing,2020,Kaggle,3,0,1148.6666666666667,574.3333333333334,1148.6666666666667,574.3333333333334,2,2,13,13,r3f0,0.1137550783517121,7.790816326530612,
Is-this-a-good-customer,binary,True,bad_client_target,roc_auc,,,bad_client_target,,,,,2,2,True,1723.0,13,2,1723.0,Is-this-a-good-customer,363682,,,,,,,,random,,,,,business & marketing,2020,Kaggle,3,1,1148.6666666666667,574.3333333333334,1148.6666666666667,574.3333333333334,2,2,13,13,r3f1,0.1137550783517121,7.790816326530612,
Is-this-a-good-customer,binary,True,bad_client_target,roc_auc,,,bad_client_target,,,,,2,2,True,1723.0,13,2,1723.0,Is-this-a-good-customer,363682,,,,,,,,random,,,,,business & marketing,2020,Kaggle,3,2,1148.6666666666667,574.3333333333334,1148.6666666666667,574.3333333333334,2,2,13,13,r3f2,0.1137550783517121,7.790816326530612,
Is-this-a-good-customer,binary,True,bad_client_target,roc_auc,,,bad_client_target,,,,,2,2,True,1723.0,13,2,1723.0,Is-this-a-good-customer,363682,,,,,,,,random,,,,,business & marketing,2020,Kaggle,4,0,1148.6666666666667,574.3333333333334,1148.6666666666667,574.3333333333334,2,2,13,13,r4f0,0.1137550783517121,7.790816326530612,
Is-this-a-good-customer,binary,True,bad_client_target,roc_auc,,,bad_client_target,,,,,2,2,True,1723.0,13,2,1723.0,Is-this-a-good-customer,363682,,,,,,,,random,,,,,business & marketing,2020,Kaggle,4,1,1148.6666666666667,574.3333333333334,1148.6666666666667,574.3333333333334,2,2,13,13,r4f1,0.1137550783517121,7.790816326530612,
Is-this-a-good-customer,binary,True,bad_client_target,roc_auc,,,bad_client_target,,,,,2,2,True,1723.0,13,2,1723.0,Is-this-a-good-customer,363682,,,,,,,,random,,,,,business & marketing,2020,Kaggle,4,2,1148.6666666666667,574.3333333333334,1148.6666666666667,574.3333333333334,2,2,13,13,r4f2,0.1137550783517121,7.790816326530612,
Is-this-a-good-customer,binary,True,bad_client_target,roc_auc,,,bad_client_target,,,,,2,2,True,1723.0,13,2,1723.0,Is-this-a-good-customer,363682,,,,,,,,random,,,,,business & marketing,2020,Kaggle,5,0,1148.6666666666667,574.3333333333334,1148.6666666666667,574.3333333333334,2,2,13,13,r5f0,0.1137550783517121,7.790816326530612,
Is-this-a-good-customer,binary,True,bad_client_target,roc_auc,,,bad_client_target,,,,,2,2,True,1723.0,13,2,1723.0,Is-this-a-good-customer,363682,,,,,,,,random,,,,,business & marketing,2020,Kaggle,5,1,1148.6666666666667,574.3333333333334,1148.6666666666667,574.3333333333334,2,2,13,13,r5f1,0.1137550783517121,7.790816326530612,
Is-this-a-good-customer,binary,True,bad_client_target,roc_auc,,,bad_client_target,,,,,2,2,True,1723.0,13,2,1723.0,Is-this-a-good-customer,363682,,,,,,,,random,,,,,business & marketing,2020,Kaggle,5,2,1148.6666666666667,574.3333333333334,1148.6666666666667,574.3333333333334,2,2,13,13,r5f2,0.1137550783517121,7.790816326530612,
Is-this-a-good-customer,binary,True,bad_client_target,roc_auc,,,bad_client_target,,,,,2,2,True,1723.0,13,2,1723.0,Is-this-a-good-customer,363682,,,,,,,,random,,,,,business & marketing,2020,Kaggle,6,0,1148.6666666666667,574.3333333333334,1148.6666666666667,574.3333333333334,2,2,13,13,r6f0,0.1137550783517121,7.790816326530612,
Is-this-a-good-customer,binary,True,bad_client_target,roc_auc,,,bad_client_target,,,,,2,2,True,1723.0,13,2,1723.0,Is-this-a-good-customer,363682,,,,,,,,random,,,,,business & marketing,2020,Kaggle,6,1,1148.6666666666667,574.3333333333334,1148.6666666666667,574.3333333333334,2,2,13,13,r6f1,0.1137550783517121,7.790816326530612,
Is-this-a-good-customer,binary,True,bad_client_target,roc_auc,,,bad_client_target,,,,,2,2,True,1723.0,13,2,1723.0,Is-this-a-good-customer,363682,,,,,,,,random,,,,,business & marketing,2020,Kaggle,6,2,1148.6666666666667,574.3333333333334,1148.6666666666667,574.3333333333334,2,2,13,13,r6f2,0.1137550783517121,7.790816326530612,
Is-this-a-good-customer,binary,True,bad_client_target,roc_auc,,,bad_client_target,,,,,2,2,True,1723.0,13,2,1723.0,Is-this-a-good-customer,363682,,,,,,,,random,,,,,business & marketing,2020,Kaggle,7,0,1148.6666666666667,574.3333333333334,1148.6666666666667,574.3333333333334,2,2,13,13,r7f0,0.1137550783517121,7.790816326530612,
Is-this-a-good-customer,binary,True,bad_client_target,roc_auc,,,bad_client_target,,,,,2,2,True,1723.0,13,2,1723.0,Is-this-a-good-customer,363682,,,,,,,,random,,,,,business & marketing,2020,Kaggle,7,1,1148.6666666666667,574.3333333333334,1148.6666666666667,574.3333333333334,2,2,13,13,r7f1,0.1137550783517121,7.790816326530612,
Is-this-a-good-customer,binary,True,bad_client_target,roc_auc,,,bad_client_target,,,,,2,2,True,1723.0,13,2,1723.0,Is-this-a-good-customer,363682,,,,,,,,random,,,,,business & marketing,2020,Kaggle,7,2,1148.6666666666667,574.3333333333334,1148.6666666666667,574.3333333333334,2,2,13,13,r7f2,0.1137550783517121,7.790816326530612,
Is-this-a-good-customer,binary,True,bad_client_target,roc_auc,,,bad_client_target,,,,,2,2,True,1723.0,13,2,1723.0,Is-this-a-good-customer,363682,,,,,,,,random,,,,,business & marketing,2020,Kaggle,8,0,1148.6666666666667,574.3333333333334,1148.6666666666667,574.3333333333334,2,2,13,13,r8f0,0.1137550783517121,7.790816326530612,
Is-this-a-good-customer,binary,True,bad_client_target,roc_auc,,,bad_client_target,,,,,2,2,True,1723.0,13,2,1723.0,Is-this-a-good-customer,363682,,,,,,,,random,,,,,business & marketing,2020,Kaggle,8,1,1148.6666666666667,574.3333333333334,1148.6666666666667,574.3333333333334,2,2,13,13,r8f1,0.1137550783517121,7.790816326530612,
Is-this-a-good-customer,binary,True,bad_client_target,roc_auc,,,bad_client_target,,,,,2,2,True,1723.0,13,2,1723.0,Is-this-a-good-customer,363682,,,,,,,,random,,,,,business & marketing,2020,Kaggle,8,2,1148.6666666666667,574.3333333333334,1148.6666666666667,574.3333333333334,2,2,13,13,r8f2,0.1137550783517121,7.790816326530612,
Is-this-a-good-customer,binary,True,bad_client_target,roc_auc,,,bad_client_target,,,,,2,2,True,1723.0,13,2,1723.0,Is-this-a-good-customer,363682,,,,,,,,random,,,,,business & marketing,2020,Kaggle,9,0,1148.6666666666667,574.3333333333334,1148.6666666666667,574.3333333333334,2,2,13,13,r9f0,0.1137550783517121,7.790816326530612,
Is-this-a-good-customer,binary,True,bad_client_target,roc_auc,,,bad_client_target,,,,,2,2,True,1723.0,13,2,1723.0,Is-this-a-good-customer,363682,,,,,,,,random,,,,,business & marketing,2020,Kaggle,9,1,1148.6666666666667,574.3333333333334,1148.6666666666667,574.3333333333334,2,2,13,13,r9f1,0.1137550783517121,7.790816326530612,
Is-this-a-good-customer,binary,True,bad_client_target,roc_auc,,,bad_client_target,,,,,2,2,True,1723.0,13,2,1723.0,Is-this-a-good-customer,363682,,,,,,,,random,,,,,business & marketing,2020,Kaggle,9,2,1148.6666666666667,574.3333333333334,1148.6666666666667,574.3333333333334,2,2,13,13,r9f2,0.1137550783517121,7.790816326530612,
kddcup09_appetency,binary,True,appetency,roc_auc,,,appetency,,,,,2,2,True,50000.0,212,2,50000.0,kddcup09_appetency,363683,,,,,,,,random,,,,,business & marketing,2008,Other,0,0,33333.333333333336,16666.666666666668,33333.333333333336,16666.666666666668,2,2,212,212,r0f0,0.0178,55.17977528089887,
kddcup09_appetency,binary,True,appetency,roc_auc,,,appetency,,,,,2,2,True,50000.0,212,2,50000.0,kddcup09_appetency,363683,,,,,,,,random,,,,,business & marketing,2008,Other,0,1,33333.333333333336,16666.666666666668,33333.333333333336,16666.666666666668,2,2,212,212,r0f1,0.0178,55.17977528089887,
kddcup09_appetency,binary,True,appetency,roc_auc,,,appetency,,,,,2,2,True,50000.0,212,2,50000.0,kddcup09_appetency,363683,,,,,,,,random,,,,,business & marketing,2008,Other,0,2,33333.333333333336,16666.666666666668,33333.333333333336,16666.666666666668,2,2,212,212,r0f2,0.0178,55.17977528089887,
kddcup09_appetency,binary,True,appetency,roc_auc,,,appetency,,,,,2,2,True,50000.0,212,2,50000.0,kddcup09_appetency,363683,,,,,,,,random,,,,,business & marketing,2008,Other,1,0,33333.333333333336,16666.666666666668,33333.333333333336,16666.666666666668,2,2,212,212,r1f0,0.0178,55.17977528089887,
kddcup09_appetency,binary,True,appetency,roc_auc,,,appetency,,,,,2,2,True,50000.0,212,2,50000.0,kddcup09_appetency,363683,,,,,,,,random,,,,,business & marketing,2008,Other,1,1,33333.333333333336,16666.666666666668,33333.333333333336,16666.666666666668,2,2,212,212,r1f1,0.0178,55.17977528089887,
kddcup09_appetency,binary,True,appetency,roc_auc,,,appetency,,,,,2,2,True,50000.0,212,2,50000.0,kddcup09_appetency,363683,,,,,,,,random,,,,,business & marketing,2008,Other,1,2,33333.333333333336,16666.666666666668,33333.333333333336,16666.666666666668,2,2,212,212,r1f2,0.0178,55.17977528089887,
kddcup09_appetency,binary,True,appetency,roc_auc,,,appetency,,,,,2,2,True,50000.0,212,2,50000.0,kddcup09_appetency,363683,,,,,,,,random,,,,,business & marketing,2008,Other,2,0,33333.333333333336,16666.666666666668,33333.333333333336,16666.666666666668,2,2,212,212,r2f0,0.0178,55.17977528089887,
kddcup09_appetency,binary,True,appetency,roc_auc,,,appetency,,,,,2,2,True,50000.0,212,2,50000.0,kddcup09_appetency,363683,,,,,,,,random,,,,,business & marketing,2008,Other,2,1,33333.333333333336,16666.666666666668,33333.333333333336,16666.666666666668,2,2,212,212,r2f1,0.0178,55.17977528089887,
kddcup09_appetency,binary,True,appetency,roc_auc,,,appetency,,,,,2,2,True,50000.0,212,2,50000.0,kddcup09_appetency,363683,,,,,,,,random,,,,,business & marketing,2008,Other,2,2,33333.333333333336,16666.666666666668,33333.333333333336,16666.666666666668,2,2,212,212,r2f2,0.0178,55.17977528089887,
Marketing_Campaign,binary,True,Response,roc_auc,,,Response,,,,,2,2,True,2240.0,25,2,2240.0,Marketing_Campaign,363684,,,,,,,,random,,,,,business & marketing,2020,Kaggle,0,0,1493.3333333333333,746.6666666666666,1493.3333333333333,746.6666666666666,2,2,25,25,r0f0,0.1491071428571428,5.706586826347305,
Marketing_Campaign,binary,True,Response,roc_auc,,,Response,,,,,2,2,True,2240.0,25,2,2240.0,Marketing_Campaign,363684,,,,,,,,random,,,,,business & marketing,2020,Kaggle,0,1,1493.3333333333333,746.6666666666666,1493.3333333333333,746.6666666666666,2,2,25,25,r0f1,0.1491071428571428,5.706586826347305,
Marketing_Campaign,binary,True,Response,roc_auc,,,Response,,,,,2,2,True,2240.0,25,2,2240.0,Marketing_Campaign,363684,,,,,,,,random,,,,,business & marketing,2020,Kaggle,0,2,1493.3333333333333,746.6666666666666,1493.3333333333333,746.6666666666666,2,2,25,25,r0f2,0.1491071428571428,5.706586826347305,
Marketing_Campaign,binary,True,Response,roc_auc,,,Response,,,,,2,2,True,2240.0,25,2,2240.0,Marketing_Campaign,363684,,,,,,,,random,,,,,business & marketing,2020,Kaggle,1,0,1493.3333333333333,746.6666666666666,1493.3333333333333,746.6666666666666,2,2,25,25,r1f0,0.1491071428571428,5.706586826347305,
Marketing_Campaign,binary,True,Response,roc_auc,,,Response,,,,,2,2,True,2240.0,25,2,2240.0,Marketing_Campaign,363684,,,,,,,,random,,,,,business & marketing,2020,Kaggle,1,1,1493.3333333333333,746.6666666666666,1493.3333333333333,746.6666666666666,2,2,25,25,r1f1,0.1491071428571428,5.706586826347305,
Marketing_Campaign,binary,True,Response,roc_auc,,,Response,,,,,2,2,True,2240.0,25,2,2240.0,Marketing_Campaign,363684,,,,,,,,random,,,,,business & marketing,2020,Kaggle,1,2,1493.3333333333333,746.6666666666666,1493.3333333333333,746.6666666666666,2,2,25,25,r1f2,0.1491071428571428,5.706586826347305,
Marketing_Campaign,binary,True,Response,roc_auc,,,Response,,,,,2,2,True,2240.0,25,2,2240.0,Marketing_Campaign,363684,,,,,,,,random,,,,,business & marketing,2020,Kaggle,2,0,1493.3333333333333,746.6666666666666,1493.3333333333333,746.6666666666666,2,2,25,25,r2f0,0.1491071428571428,5.706586826347305,
Marketing_Campaign,binary,True,Response,roc_auc,,,Response,,,,,2,2,True,2240.0,25,2,2240.0,Marketing_Campaign,363684,,,,,,,,random,,,,,business & marketing,2020,Kaggle,2,1,1493.3333333333333,746.6666666666666,1493.3333333333333,746.6666666666666,2,2,25,25,r2f1,0.1491071428571428,5.706586826347305,
Marketing_Campaign,binary,True,Response,roc_auc,,,Response,,,,,2,2,True,2240.0,25,2,2240.0,Marketing_Campaign,363684,,,,,,,,random,,,,,business & marketing,2020,Kaggle,2,2,1493.3333333333333,746.6666666666666,1493.3333333333333,746.6666666666666,2,2,25,25,r2f2,0.1491071428571428,5.706586826347305,
Marketing_Campaign,binary,True,Response,roc_auc,,,Response,,,,,2,2,True,2240.0,25,2,2240.0,Marketing_Campaign,363684,,,,,,,,random,,,,,business & marketing,2020,Kaggle,3,0,1493.3333333333333,746.6666666666666,1493.3333333333333,746.6666666666666,2,2,25,25,r3f0,0.1491071428571428,5.706586826347305,
Marketing_Campaign,binary,True,Response,roc_auc,,,Response,,,,,2,2,True,2240.0,25,2,2240.0,Marketing_Campaign,363684,,,,,,,,random,,,,,business & marketing,2020,Kaggle,3,1,1493.3333333333333,746.6666666666666,1493.3333333333333,746.6666666666666,2,2,25,25,r3f1,0.1491071428571428,5.706586826347305,
Marketing_Campaign,binary,True,Response,roc_auc,,,Response,,,,,2,2,True,2240.0,25,2,2240.0,Marketing_Campaign,363684,,,,,,,,random,,,,,business & marketing,2020,Kaggle,3,2,1493.3333333333333,746.6666666666666,1493.3333333333333,746.6666666666666,2,2,25,25,r3f2,0.1491071428571428,5.706586826347305,
Marketing_Campaign,binary,True,Response,roc_auc,,,Response,,,,,2,2,True,2240.0,25,2,2240.0,Marketing_Campaign,363684,,,,,,,,random,,,,,business & marketing,2020,Kaggle,4,0,1493.3333333333333,746.6666666666666,1493.3333333333333,746.6666666666666,2,2,25,25,r4f0,0.1491071428571428,5.706586826347305,
Marketing_Campaign,binary,True,Response,roc_auc,,,Response,,,,,2,2,True,2240.0,25,2,2240.0,Marketing_Campaign,363684,,,,,,,,random,,,,,business & marketing,2020,Kaggle,4,1,1493.3333333333333,746.6666666666666,1493.3333333333333,746.6666666666666,2,2,25,25,r4f1,0.1491071428571428,5.706586826347305,
Marketing_Campaign,binary,True,Response,roc_auc,,,Response,,,,,2,2,True,2240.0,25,2,2240.0,Marketing_Campaign,363684,,,,,,,,random,,,,,business & marketing,2020,Kaggle,4,2,1493.3333333333333,746.6666666666666,1493.3333333333333,746.6666666666666,2,2,25,25,r4f2,0.1491071428571428,5.706586826347305,
Marketing_Campaign,binary,True,Response,roc_auc,,,Response,,,,,2,2,True,2240.0,25,2,2240.0,Marketing_Campaign,363684,,,,,,,,random,,,,,business & marketing,2020,Kaggle,5,0,1493.3333333333333,746.6666666666666,1493.3333333333333,746.6666666666666,2,2,25,25,r5f0,0.1491071428571428,5.706586826347305,
Marketing_Campaign,binary,True,Response,roc_auc,,,Response,,,,,2,2,True,2240.0,25,2,2240.0,Marketing_Campaign,363684,,,,,,,,random,,,,,business & marketing,2020,Kaggle,5,1,1493.3333333333333,746.6666666666666,1493.3333333333333,746.6666666666666,2,2,25,25,r5f1,0.1491071428571428,5.706586826347305,
Marketing_Campaign,binary,True,Response,roc_auc,,,Response,,,,,2,2,True,2240.0,25,2,2240.0,Marketing_Campaign,363684,,,,,,,,random,,,,,business & marketing,2020,Kaggle,5,2,1493.3333333333333,746.6666666666666,1493.3333333333333,746.6666666666666,2,2,25,25,r5f2,0.1491071428571428,5.706586826347305,
Marketing_Campaign,binary,True,Response,roc_auc,,,Response,,,,,2,2,True,2240.0,25,2,2240.0,Marketing_Campaign,363684,,,,,,,,random,,,,,business & marketing,2020,Kaggle,6,0,1493.3333333333333,746.6666666666666,1493.3333333333333,746.6666666666666,2,2,25,25,r6f0,0.1491071428571428,5.706586826347305,
Marketing_Campaign,binary,True,Response,roc_auc,,,Response,,,,,2,2,True,2240.0,25,2,2240.0,Marketing_Campaign,363684,,,,,,,,random,,,,,business & marketing,2020,Kaggle,6,1,1493.3333333333333,746.6666666666666,1493.3333333333333,746.6666666666666,2,2,25,25,r6f1,0.1491071428571428,5.706586826347305,
Marketing_Campaign,binary,True,Response,roc_auc,,,Response,,,,,2,2,True,2240.0,25,2,2240.0,Marketing_Campaign,363684,,,,,,,,random,,,,,business & marketing,2020,Kaggle,6,2,1493.3333333333333,746.6666666666666,1493.3333333333333,746.6666666666666,2,2,25,25,r6f2,0.1491071428571428,5.706586826347305,
Marketing_Campaign,binary,True,Response,roc_auc,,,Response,,,,,2,2,True,2240.0,25,2,2240.0,Marketing_Campaign,363684,,,,,,,,random,,,,,business & marketing,2020,Kaggle,7,0,1493.3333333333333,746.6666666666666,1493.3333333333333,746.6666666666666,2,2,25,25,r7f0,0.1491071428571428,5.706586826347305,
Marketing_Campaign,binary,True,Response,roc_auc,,,Response,,,,,2,2,True,2240.0,25,2,2240.0,Marketing_Campaign,363684,,,,,,,,random,,,,,business & marketing,2020,Kaggle,7,1,1493.3333333333333,746.6666666666666,1493.3333333333333,746.6666666666666,2,2,25,25,r7f1,0.1491071428571428,5.706586826347305,
Marketing_Campaign,binary,True,Response,roc_auc,,,Response,,,,,2,2,True,2240.0,25,2,2240.0,Marketing_Campaign,363684,,,,,,,,random,,,,,business & marketing,2020,Kaggle,7,2,1493.3333333333333,746.6666666666666,1493.3333333333333,746.6666666666666,2,2,25,25,r7f2,0.1491071428571428,5.706586826347305,
Marketing_Campaign,binary,True,Response,roc_auc,,,Response,,,,,2,2,True,2240.0,25,2,2240.0,Marketing_Campaign,363684,,,,,,,,random,,,,,business & marketing,2020,Kaggle,8,0,1493.3333333333333,746.6666666666666,1493.3333333333333,746.6666666666666,2,2,25,25,r8f0,0.1491071428571428,5.706586826347305,
Marketing_Campaign,binary,True,Response,roc_auc,,,Response,,,,,2,2,True,2240.0,25,2,2240.0,Marketing_Campaign,363684,,,,,,,,random,,,,,business & marketing,2020,Kaggle,8,1,1493.3333333333333,746.6666666666666,1493.3333333333333,746.6666666666666,2,2,25,25,r8f1,0.1491071428571428,5.706586826347305,
Marketing_Campaign,binary,True,Response,roc_auc,,,Response,,,,,2,2,True,2240.0,25,2,2240.0,Marketing_Campaign,363684,,,,,,,,random,,,,,business & marketing,2020,Kaggle,8,2,1493.3333333333333,746.6666666666666,1493.3333333333333,746.6666666666666,2,2,25,25,r8f2,0.1491071428571428,5.706586826347305,
Marketing_Campaign,binary,True,Response,roc_auc,,,Response,,,,,2,2,True,2240.0,25,2,2240.0,Marketing_Campaign,363684,,,,,,,,random,,,,,business & marketing,2020,Kaggle,9,0,1493.3333333333333,746.6666666666666,1493.3333333333333,746.6666666666666,2,2,25,25,r9f0,0.1491071428571428,5.706586826347305,
Marketing_Campaign,binary,True,Response,roc_auc,,,Response,,,,,2,2,True,2240.0,25,2,2240.0,Marketing_Campaign,363684,,,,,,,,random,,,,,business & marketing,2020,Kaggle,9,1,1493.3333333333333,746.6666666666666,1493.3333333333333,746.6666666666666,2,2,25,25,r9f1,0.1491071428571428,5.706586826347305,
Marketing_Campaign,binary,True,Response,roc_auc,,,Response,,,,,2,2,True,2240.0,25,2,2240.0,Marketing_Campaign,363684,,,,,,,,random,,,,,business & marketing,2020,Kaggle,9,2,1493.3333333333333,746.6666666666666,1493.3333333333333,746.6666666666666,2,2,25,25,r9f2,0.1491071428571428,5.706586826347305,
maternal_health_risk,multiclass,True,RiskLevel,log_loss,,,RiskLevel,,,,,3,3,True,1014.0,6,3,1014.0,maternal_health_risk,363685,,,,,,,,random,,,,,medical & healthcare,2020,UCI,0,0,676.0,338.0,676.0,338.0,3,3,6,6,r0f0,0.2682445759368836,1.4926470588235294,
maternal_health_risk,multiclass,True,RiskLevel,log_loss,,,RiskLevel,,,,,3,3,True,1014.0,6,3,1014.0,maternal_health_risk,363685,,,,,,,,random,,,,,medical & healthcare,2020,UCI,0,1,676.0,338.0,676.0,338.0,3,3,6,6,r0f1,0.2682445759368836,1.4926470588235294,
maternal_health_risk,multiclass,True,RiskLevel,log_loss,,,RiskLevel,,,,,3,3,True,1014.0,6,3,1014.0,maternal_health_risk,363685,,,,,,,,random,,,,,medical & healthcare,2020,UCI,0,2,676.0,338.0,676.0,338.0,3,3,6,6,r0f2,0.2682445759368836,1.4926470588235294,
maternal_health_risk,multiclass,True,RiskLevel,log_loss,,,RiskLevel,,,,,3,3,True,1014.0,6,3,1014.0,maternal_health_risk,363685,,,,,,,,random,,,,,medical & healthcare,2020,UCI,1,0,676.0,338.0,676.0,338.0,3,3,6,6,r1f0,0.2682445759368836,1.4926470588235294,
maternal_health_risk,multiclass,True,RiskLevel,log_loss,,,RiskLevel,,,,,3,3,True,1014.0,6,3,1014.0,maternal_health_risk,363685,,,,,,,,random,,,,,medical & healthcare,2020,UCI,1,1,676.0,338.0,676.0,338.0,3,3,6,6,r1f1,0.2682445759368836,1.4926470588235294,
maternal_health_risk,multiclass,True,RiskLevel,log_loss,,,RiskLevel,,,,,3,3,True,1014.0,6,3,1014.0,maternal_health_risk,363685,,,,,,,,random,,,,,medical & healthcare,2020,UCI,1,2,676.0,338.0,676.0,338.0,3,3,6,6,r1f2,0.2682445759368836,1.4926470588235294,
maternal_health_risk,multiclass,True,RiskLevel,log_loss,,,RiskLevel,,,,,3,3,True,1014.0,6,3,1014.0,maternal_health_risk,363685,,,,,,,,random,,,,,medical & healthcare,2020,UCI,2,0,676.0,338.0,676.0,338.0,3,3,6,6,r2f0,0.2682445759368836,1.4926470588235294,
maternal_health_risk,multiclass,True,RiskLevel,log_loss,,,RiskLevel,,,,,3,3,True,1014.0,6,3,1014.0,maternal_health_risk,363685,,,,,,,,random,,,,,medical & healthcare,2020,UCI,2,1,676.0,338.0,676.0,338.0,3,3,6,6,r2f1,0.2682445759368836,1.4926470588235294,
maternal_health_risk,multiclass,True,RiskLevel,log_loss,,,RiskLevel,,,,,3,3,True,1014.0,6,3,1014.0,maternal_health_risk,363685,,,,,,,,random,,,,,medical & healthcare,2020,UCI,2,2,676.0,338.0,676.0,338.0,3,3,6,6,r2f2,0.2682445759368836,1.4926470588235294,
maternal_health_risk,multiclass,True,RiskLevel,log_loss,,,RiskLevel,,,,,3,3,True,1014.0,6,3,1014.0,maternal_health_risk,363685,,,,,,,,random,,,,,medical & healthcare,2020,UCI,3,0,676.0,338.0,676.0,338.0,3,3,6,6,r3f0,0.2682445759368836,1.4926470588235294,
maternal_health_risk,multiclass,True,RiskLevel,log_loss,,,RiskLevel,,,,,3,3,True,1014.0,6,3,1014.0,maternal_health_risk,363685,,,,,,,,random,,,,,medical & healthcare,2020,UCI,3,1,676.0,338.0,676.0,338.0,3,3,6,6,r3f1,0.2682445759368836,1.4926470588235294,
maternal_health_risk,multiclass,True,RiskLevel,log_loss,,,RiskLevel,,,,,3,3,True,1014.0,6,3,1014.0,maternal_health_risk,363685,,,,,,,,random,,,,,medical & healthcare,2020,UCI,3,2,676.0,338.0,676.0,338.0,3,3,6,6,r3f2,0.2682445759368836,1.4926470588235294,
maternal_health_risk,multiclass,True,RiskLevel,log_loss,,,RiskLevel,,,,,3,3,True,1014.0,6,3,1014.0,maternal_health_risk,363685,,,,,,,,random,,,,,medical & healthcare,2020,UCI,4,0,676.0,338.0,676.0,338.0,3,3,6,6,r4f0,0.2682445759368836,1.4926470588235294,
maternal_health_risk,multiclass,True,RiskLevel,log_loss,,,RiskLevel,,,,,3,3,True,1014.0,6,3,1014.0,maternal_health_risk,363685,,,,,,,,random,,,,,medical & healthcare,2020,UCI,4,1,676.0,338.0,676.0,338.0,3,3,6,6,r4f1,0.2682445759368836,1.4926470588235294,
maternal_health_risk,multiclass,True,RiskLevel,log_loss,,,RiskLevel,,,,,3,3,True,1014.0,6,3,1014.0,maternal_health_risk,363685,,,,,,,,random,,,,,medical & healthcare,2020,UCI,4,2,676.0,338.0,676.0,338.0,3,3,6,6,r4f2,0.2682445759368836,1.4926470588235294,
maternal_health_risk,multiclass,True,RiskLevel,log_loss,,,RiskLevel,,,,,3,3,True,1014.0,6,3,1014.0,maternal_health_risk,363685,,,,,,,,random,,,,,medical & healthcare,2020,UCI,5,0,676.0,338.0,676.0,338.0,3,3,6,6,r5f0,0.2682445759368836,1.4926470588235294,
maternal_health_risk,multiclass,True,RiskLevel,log_loss,,,RiskLevel,,,,,3,3,True,1014.0,6,3,1014.0,maternal_health_risk,363685,,,,,,,,random,,,,,medical & healthcare,2020,UCI,5,1,676.0,338.0,676.0,338.0,3,3,6,6,r5f1,0.2682445759368836,1.4926470588235294,
maternal_health_risk,multiclass,True,RiskLevel,log_loss,,,RiskLevel,,,,,3,3,True,1014.0,6,3,1014.0,maternal_health_risk,363685,,,,,,,,random,,,,,medical & healthcare,2020,UCI,5,2,676.0,338.0,676.0,338.0,3,3,6,6,r5f2,0.2682445759368836,1.4926470588235294,
maternal_health_risk,multiclass,True,RiskLevel,log_loss,,,RiskLevel,,,,,3,3,True,1014.0,6,3,1014.0,maternal_health_risk,363685,,,,,,,,random,,,,,medical & healthcare,2020,UCI,6,0,676.0,338.0,676.0,338.0,3,3,6,6,r6f0,0.2682445759368836,1.4926470588235294,
maternal_health_risk,multiclass,True,RiskLevel,log_loss,,,RiskLevel,,,,,3,3,True,1014.0,6,3,1014.0,maternal_health_risk,363685,,,,,,,,random,,,,,medical & healthcare,2020,UCI,6,1,676.0,338.0,676.0,338.0,3,3,6,6,r6f1,0.2682445759368836,1.4926470588235294,
maternal_health_risk,multiclass,True,RiskLevel,log_loss,,,RiskLevel,,,,,3,3,True,1014.0,6,3,1014.0,maternal_health_risk,363685,,,,,,,,random,,,,,medical & healthcare,2020,UCI,6,2,676.0,338.0,676.0,338.0,3,3,6,6,r6f2,0.2682445759368836,1.4926470588235294,
maternal_health_risk,multiclass,True,RiskLevel,log_loss,,,RiskLevel,,,,,3,3,True,1014.0,6,3,1014.0,maternal_health_risk,363685,,,,,,,,random,,,,,medical & healthcare,2020,UCI,7,0,676.0,338.0,676.0,338.0,3,3,6,6,r7f0,0.2682445759368836,1.4926470588235294,
maternal_health_risk,multiclass,True,RiskLevel,log_loss,,,RiskLevel,,,,,3,3,True,1014.0,6,3,1014.0,maternal_health_risk,363685,,,,,,,,random,,,,,medical & healthcare,2020,UCI,7,1,676.0,338.0,676.0,338.0,3,3,6,6,r7f1,0.2682445759368836,1.4926470588235294,
maternal_health_risk,multiclass,True,RiskLevel,log_loss,,,RiskLevel,,,,,3,3,True,1014.0,6,3,1014.0,maternal_health_risk,363685,,,,,,,,random,,,,,medical & healthcare,2020,UCI,7,2,676.0,338.0,676.0,338.0,3,3,6,6,r7f2,0.2682445759368836,1.4926470588235294,
maternal_health_risk,multiclass,True,RiskLevel,log_loss,,,RiskLevel,,,,,3,3,True,1014.0,6,3,1014.0,maternal_health_risk,363685,,,,,,,,random,,,,,medical & healthcare,2020,UCI,8,0,676.0,338.0,676.0,338.0,3,3,6,6,r8f0,0.2682445759368836,1.4926470588235294,
maternal_health_risk,multiclass,True,RiskLevel,log_loss,,,RiskLevel,,,,,3,3,True,1014.0,6,3,1014.0,maternal_health_risk,363685,,,,,,,,random,,,,,medical & healthcare,2020,UCI,8,1,676.0,338.0,676.0,338.0,3,3,6,6,r8f1,0.2682445759368836,1.4926470588235294,
maternal_health_risk,multiclass,True,RiskLevel,log_loss,,,RiskLevel,,,,,3,3,True,1014.0,6,3,1014.0,maternal_health_risk,363685,,,,,,,,random,,,,,medical & healthcare,2020,UCI,8,2,676.0,338.0,676.0,338.0,3,3,6,6,r8f2,0.2682445759368836,1.4926470588235294,
maternal_health_risk,multiclass,True,RiskLevel,log_loss,,,RiskLevel,,,,,3,3,True,1014.0,6,3,1014.0,maternal_health_risk,363685,,,,,,,,random,,,,,medical & healthcare,2020,UCI,9,0,676.0,338.0,676.0,338.0,3,3,6,6,r9f0,0.2682445759368836,1.4926470588235294,
maternal_health_risk,multiclass,True,RiskLevel,log_loss,,,RiskLevel,,,,,3,3,True,1014.0,6,3,1014.0,maternal_health_risk,363685,,,,,,,,random,,,,,medical & healthcare,2020,UCI,9,1,676.0,338.0,676.0,338.0,3,3,6,6,r9f1,0.2682445759368836,1.4926470588235294,
maternal_health_risk,multiclass,True,RiskLevel,log_loss,,,RiskLevel,,,,,3,3,True,1014.0,6,3,1014.0,maternal_health_risk,363685,,,,,,,,random,,,,,medical & healthcare,2020,UCI,9,2,676.0,338.0,676.0,338.0,3,3,6,6,r9f2,0.2682445759368836,1.4926470588235294,
miami_housing,regression,False,SALE_PRC,rmse,,,,,,,,-1,-1,True,13776.0,15,-1,13776.0,miami_housing,363686,,,,,,,,random,,,,,business & marketing,2016,OpenML,0,0,9184.0,4592.0,9184.0,4592.0,-1,-1,15,15,r0f0,,,3.2097707843877266
miami_housing,regression,False,SALE_PRC,rmse,,,,,,,,-1,-1,True,13776.0,15,-1,13776.0,miami_housing,363686,,,,,,,,random,,,,,business & marketing,2016,OpenML,0,1,9184.0,4592.0,9184.0,4592.0,-1,-1,15,15,r0f1,,,3.2097707843877266
miami_housing,regression,False,SALE_PRC,rmse,,,,,,,,-1,-1,True,13776.0,15,-1,13776.0,miami_housing,363686,,,,,,,,random,,,,,business & marketing,2016,OpenML,0,2,9184.0,4592.0,9184.0,4592.0,-1,-1,15,15,r0f2,,,3.2097707843877266
miami_housing,regression,False,SALE_PRC,rmse,,,,,,,,-1,-1,True,13776.0,15,-1,13776.0,miami_housing,363686,,,,,,,,random,,,,,business & marketing,2016,OpenML,1,0,9184.0,4592.0,9184.0,4592.0,-1,-1,15,15,r1f0,,,3.2097707843877266
miami_housing,regression,False,SALE_PRC,rmse,,,,,,,,-1,-1,True,13776.0,15,-1,13776.0,miami_housing,363686,,,,,,,,random,,,,,business & marketing,2016,OpenML,1,1,9184.0,4592.0,9184.0,4592.0,-1,-1,15,15,r1f1,,,3.2097707843877266
miami_housing,regression,False,SALE_PRC,rmse,,,,,,,,-1,-1,True,13776.0,15,-1,13776.0,miami_housing,363686,,,,,,,,random,,,,,business & marketing,2016,OpenML,1,2,9184.0,4592.0,9184.0,4592.0,-1,-1,15,15,r1f2,,,3.2097707843877266
miami_housing,regression,False,SALE_PRC,rmse,,,,,,,,-1,-1,True,13776.0,15,-1,13776.0,miami_housing,363686,,,,,,,,random,,,,,business & marketing,2016,OpenML,2,0,9184.0,4592.0,9184.0,4592.0,-1,-1,15,15,r2f0,,,3.2097707843877266
miami_housing,regression,False,SALE_PRC,rmse,,,,,,,,-1,-1,True,13776.0,15,-1,13776.0,miami_housing,363686,,,,,,,,random,,,,,business & marketing,2016,OpenML,2,1,9184.0,4592.0,9184.0,4592.0,-1,-1,15,15,r2f1,,,3.2097707843877266
miami_housing,regression,False,SALE_PRC,rmse,,,,,,,,-1,-1,True,13776.0,15,-1,13776.0,miami_housing,363686,,,,,,,,random,,,,,business & marketing,2016,OpenML,2,2,9184.0,4592.0,9184.0,4592.0,-1,-1,15,15,r2f2,,,3.2097707843877266
MIC,multiclass,True,LET_IS,log_loss,,,LET_IS,,,,,8,8,True,1699.0,111,8,1699.0,MIC,363711,,,,,,,,random,,,,,medical & healthcare,2020,UCI,0,0,1132.6666666666667,566.3333333333334,1132.6666666666667,566.3333333333334,8,8,111,111,r0f0,0.0070629782224838,119.0,
MIC,multiclass,True,LET_IS,log_loss,,,LET_IS,,,,,8,8,True,1699.0,111,8,1699.0,MIC,363711,,,,,,,,random,,,,,medical & healthcare,2020,UCI,0,1,1132.6666666666667,566.3333333333334,1132.6666666666667,566.3333333333334,8,8,111,111,r0f1,0.0070629782224838,119.0,
MIC,multiclass,True,LET_IS,log_loss,,,LET_IS,,,,,8,8,True,1699.0,111,8,1699.0,MIC,363711,,,,,,,,random,,,,,medical & healthcare,2020,UCI,0,2,1132.6666666666667,566.3333333333334,1132.6666666666667,566.3333333333334,8,8,111,111,r0f2,0.0070629782224838,119.0,
MIC,multiclass,True,LET_IS,log_loss,,,LET_IS,,,,,8,8,True,1699.0,111,8,1699.0,MIC,363711,,,,,,,,random,,,,,medical & healthcare,2020,UCI,1,0,1132.6666666666667,566.3333333333334,1132.6666666666667,566.3333333333334,8,8,111,111,r1f0,0.0070629782224838,119.0,
MIC,multiclass,True,LET_IS,log_loss,,,LET_IS,,,,,8,8,True,1699.0,111,8,1699.0,MIC,363711,,,,,,,,random,,,,,medical & healthcare,2020,UCI,1,1,1132.6666666666667,566.3333333333334,1132.6666666666667,566.3333333333334,8,8,111,111,r1f1,0.0070629782224838,119.0,
MIC,multiclass,True,LET_IS,log_loss,,,LET_IS,,,,,8,8,True,1699.0,111,8,1699.0,MIC,363711,,,,,,,,random,,,,,medical & healthcare,2020,UCI,1,2,1132.6666666666667,566.3333333333334,1132.6666666666667,566.3333333333334,8,8,111,111,r1f2,0.0070629782224838,119.0,
MIC,multiclass,True,LET_IS,log_loss,,,LET_IS,,,,,8,8,True,1699.0,111,8,1699.0,MIC,363711,,,,,,,,random,,,,,medical & healthcare,2020,UCI,2,0,1132.6666666666667,566.3333333333334,1132.6666666666667,566.3333333333334,8,8,111,111,r2f0,0.0070629782224838,119.0,
MIC,multiclass,True,LET_IS,log_loss,,,LET_IS,,,,,8,8,True,1699.0,111,8,1699.0,MIC,363711,,,,,,,,random,,,,,medical & healthcare,2020,UCI,2,1,1132.6666666666667,566.3333333333334,1132.6666666666667,566.3333333333334,8,8,111,111,r2f1,0.0070629782224838,119.0,
MIC,multiclass,True,LET_IS,log_loss,,,LET_IS,,,,,8,8,True,1699.0,111,8,1699.0,MIC,363711,,,,,,,,random,,,,,medical & healthcare,2020,UCI,2,2,1132.6666666666667,566.3333333333334,1132.6666666666667,566.3333333333334,8,8,111,111,r2f2,0.0070629782224838,119.0,
MIC,multiclass,True,LET_IS,log_loss,,,LET_IS,,,,,8,8,True,1699.0,111,8,1699.0,MIC,363711,,,,,,,,random,,,,,medical & healthcare,2020,UCI,3,0,1132.6666666666667,566.3333333333334,1132.6666666666667,566.3333333333334,8,8,111,111,r3f0,0.0070629782224838,119.0,
MIC,multiclass,True,LET_IS,log_loss,,,LET_IS,,,,,8,8,True,1699.0,111,8,1699.0,MIC,363711,,,,,,,,random,,,,,medical & healthcare,2020,UCI,3,1,1132.6666666666667,566.3333333333334,1132.6666666666667,566.3333333333334,8,8,111,111,r3f1,0.0070629782224838,119.0,
MIC,multiclass,True,LET_IS,log_loss,,,LET_IS,,,,,8,8,True,1699.0,111,8,1699.0,MIC,363711,,,,,,,,random,,,,,medical & healthcare,2020,UCI,3,2,1132.6666666666667,566.3333333333334,1132.6666666666667,566.3333333333334,8,8,111,111,r3f2,0.0070629782224838,119.0,
MIC,multiclass,True,LET_IS,log_loss,,,LET_IS,,,,,8,8,True,1699.0,111,8,1699.0,MIC,363711,,,,,,,,random,,,,,medical & healthcare,2020,UCI,4,0,1132.6666666666667,566.3333333333334,1132.6666666666667,566.3333333333334,8,8,111,111,r4f0,0.0070629782224838,119.0,
MIC,multiclass,True,LET_IS,log_loss,,,LET_IS,,,,,8,8,True,1699.0,111,8,1699.0,MIC,363711,,,,,,,,random,,,,,medical & healthcare,2020,UCI,4,1,1132.6666666666667,566.3333333333334,1132.6666666666667,566.3333333333334,8,8,111,111,r4f1,0.0070629782224838,119.0,
MIC,multiclass,True,LET_IS,log_loss,,,LET_IS,,,,,8,8,True,1699.0,111,8,1699.0,MIC,363711,,,,,,,,random,,,,,medical & healthcare,2020,UCI,4,2,1132.6666666666667,566.3333333333334,1132.6666666666667,566.3333333333334,8,8,111,111,r4f2,0.0070629782224838,119.0,
MIC,multiclass,True,LET_IS,log_loss,,,LET_IS,,,,,8,8,True,1699.0,111,8,1699.0,MIC,363711,,,,,,,,random,,,,,medical & healthcare,2020,UCI,5,0,1132.6666666666667,566.3333333333334,1132.6666666666667,566.3333333333334,8,8,111,111,r5f0,0.0070629782224838,119.0,
MIC,multiclass,True,LET_IS,log_loss,,,LET_IS,,,,,8,8,True,1699.0,111,8,1699.0,MIC,363711,,,,,,,,random,,,,,medical & healthcare,2020,UCI,5,1,1132.6666666666667,566.3333333333334,1132.6666666666667,566.3333333333334,8,8,111,111,r5f1,0.0070629782224838,119.0,
MIC,multiclass,True,LET_IS,log_loss,,,LET_IS,,,,,8,8,True,1699.0,111,8,1699.0,MIC,363711,,,,,,,,random,,,,,medical & healthcare,2020,UCI,5,2,1132.6666666666667,566.3333333333334,1132.6666666666667,566.3333333333334,8,8,111,111,r5f2,0.0070629782224838,119.0,
MIC,multiclass,True,LET_IS,log_loss,,,LET_IS,,,,,8,8,True,1699.0,111,8,1699.0,MIC,363711,,,,,,,,random,,,,,medical & healthcare,2020,UCI,6,0,1132.6666666666667,566.3333333333334,1132.6666666666667,566.3333333333334,8,8,111,111,r6f0,0.0070629782224838,119.0,
MIC,multiclass,True,LET_IS,log_loss,,,LET_IS,,,,,8,8,True,1699.0,111,8,1699.0,MIC,363711,,,,,,,,random,,,,,medical & healthcare,2020,UCI,6,1,1132.6666666666667,566.3333333333334,1132.6666666666667,566.3333333333334,8,8,111,111,r6f1,0.0070629782224838,119.0,
MIC,multiclass,True,LET_IS,log_loss,,,LET_IS,,,,,8,8,True,1699.0,111,8,1699.0,MIC,363711,,,,,,,,random,,,,,medical & healthcare,2020,UCI,6,2,1132.6666666666667,566.3333333333334,1132.6666666666667,566.3333333333334,8,8,111,111,r6f2,0.0070629782224838,119.0,
MIC,multiclass,True,LET_IS,log_loss,,,LET_IS,,,,,8,8,True,1699.0,111,8,1699.0,MIC,363711,,,,,,,,random,,,,,medical & healthcare,2020,UCI,7,0,1132.6666666666667,566.3333333333334,1132.6666666666667,566.3333333333334,8,8,111,111,r7f0,0.0070629782224838,119.0,
MIC,multiclass,True,LET_IS,log_loss,,,LET_IS,,,,,8,8,True,1699.0,111,8,1699.0,MIC,363711,,,,,,,,random,,,,,medical & healthcare,2020,UCI,7,1,1132.6666666666667,566.3333333333334,1132.6666666666667,566.3333333333334,8,8,111,111,r7f1,0.0070629782224838,119.0,
MIC,multiclass,True,LET_IS,log_loss,,,LET_IS,,,,,8,8,True,1699.0,111,8,1699.0,MIC,363711,,,,,,,,random,,,,,medical & healthcare,2020,UCI,7,2,1132.6666666666667,566.3333333333334,1132.6666666666667,566.3333333333334,8,8,111,111,r7f2,0.0070629782224838,119.0,
MIC,multiclass,True,LET_IS,log_loss,,,LET_IS,,,,,8,8,True,1699.0,111,8,1699.0,MIC,363711,,,,,,,,random,,,,,medical & healthcare,2020,UCI,8,0,1132.6666666666667,566.3333333333334,1132.6666666666667,566.3333333333334,8,8,111,111,r8f0,0.0070629782224838,119.0,
MIC,multiclass,True,LET_IS,log_loss,,,LET_IS,,,,,8,8,True,1699.0,111,8,1699.0,MIC,363711,,,,,,,,random,,,,,medical & healthcare,2020,UCI,8,1,1132.6666666666667,566.3333333333334,1132.6666666666667,566.3333333333334,8,8,111,111,r8f1,0.0070629782224838,119.0,
MIC,multiclass,True,LET_IS,log_loss,,,LET_IS,,,,,8,8,True,1699.0,111,8,1699.0,MIC,363711,,,,,,,,random,,,,,medical & healthcare,2020,UCI,8,2,1132.6666666666667,566.3333333333334,1132.6666666666667,566.3333333333334,8,8,111,111,r8f2,0.0070629782224838,119.0,
MIC,multiclass,True,LET_IS,log_loss,,,LET_IS,,,,,8,8,True,1699.0,111,8,1699.0,MIC,363711,,,,,,,,random,,,,,medical & healthcare,2020,UCI,9,0,1132.6666666666667,566.3333333333334,1132.6666666666667,566.3333333333334,8,8,111,111,r9f0,0.0070629782224838,119.0,
MIC,multiclass,True,LET_IS,log_loss,,,LET_IS,,,,,8,8,True,1699.0,111,8,1699.0,MIC,363711,,,,,,,,random,,,,,medical & healthcare,2020,UCI,9,1,1132.6666666666667,566.3333333333334,1132.6666666666667,566.3333333333334,8,8,111,111,r9f1,0.0070629782224838,119.0,
MIC,multiclass,True,LET_IS,log_loss,,,LET_IS,,,,,8,8,True,1699.0,111,8,1699.0,MIC,363711,,,,,,,,random,,,,,medical & healthcare,2020,UCI,9,2,1132.6666666666667,566.3333333333334,1132.6666666666667,566.3333333333334,8,8,111,111,r9f2,0.0070629782224838,119.0,
NATICUSdroid,binary,True,Malware,roc_auc,,,Malware,,,,,2,2,True,7491.0,86,2,7491.0,NATICUSdroid,363689,,,,,,,,random,,,,,technology & internet,2021,UCI,0,0,4994.0,2497.0,4994.0,2497.0,2,2,86,86,r0f0,0.3502870110799626,1.8548018292682928,
NATICUSdroid,binary,True,Malware,roc_auc,,,Malware,,,,,2,2,True,7491.0,86,2,7491.0,NATICUSdroid,363689,,,,,,,,random,,,,,technology & internet,2021,UCI,0,1,4994.0,2497.0,4994.0,2497.0,2,2,86,86,r0f1,0.3502870110799626,1.8548018292682928,
NATICUSdroid,binary,True,Malware,roc_auc,,,Malware,,,,,2,2,True,7491.0,86,2,7491.0,NATICUSdroid,363689,,,,,,,,random,,,,,technology & internet,2021,UCI,0,2,4994.0,2497.0,4994.0,2497.0,2,2,86,86,r0f2,0.3502870110799626,1.8548018292682928,
NATICUSdroid,binary,True,Malware,roc_auc,,,Malware,,,,,2,2,True,7491.0,86,2,7491.0,NATICUSdroid,363689,,,,,,,,random,,,,,technology & internet,2021,UCI,1,0,4994.0,2497.0,4994.0,2497.0,2,2,86,86,r1f0,0.3502870110799626,1.8548018292682928,
NATICUSdroid,binary,True,Malware,roc_auc,,,Malware,,,,,2,2,True,7491.0,86,2,7491.0,NATICUSdroid,363689,,,,,,,,random,,,,,technology & internet,2021,UCI,1,1,4994.0,2497.0,4994.0,2497.0,2,2,86,86,r1f1,0.3502870110799626,1.8548018292682928,
NATICUSdroid,binary,True,Malware,roc_auc,,,Malware,,,,,2,2,True,7491.0,86,2,7491.0,NATICUSdroid,363689,,,,,,,,random,,,,,technology & internet,2021,UCI,1,2,4994.0,2497.0,4994.0,2497.0,2,2,86,86,r1f2,0.3502870110799626,1.8548018292682928,
NATICUSdroid,binary,True,Malware,roc_auc,,,Malware,,,,,2,2,True,7491.0,86,2,7491.0,NATICUSdroid,363689,,,,,,,,random,,,,,technology & internet,2021,UCI,2,0,4994.0,2497.0,4994.0,2497.0,2,2,86,86,r2f0,0.3502870110799626,1.8548018292682928,
NATICUSdroid,binary,True,Malware,roc_auc,,,Malware,,,,,2,2,True,7491.0,86,2,7491.0,NATICUSdroid,363689,,,,,,,,random,,,,,technology & internet,2021,UCI,2,1,4994.0,2497.0,4994.0,2497.0,2,2,86,86,r2f1,0.3502870110799626,1.8548018292682928,
NATICUSdroid,binary,True,Malware,roc_auc,,,Malware,,,,,2,2,True,7491.0,86,2,7491.0,NATICUSdroid,363689,,,,,,,,random,,,,,technology & internet,2021,UCI,2,2,4994.0,2497.0,4994.0,2497.0,2,2,86,86,r2f2,0.3502870110799626,1.8548018292682928,
online_shoppers_intention,binary,True,Revenue,roc_auc,,,Revenue,,,,,2,2,True,12330.0,17,2,12330.0,online_shoppers_intention,363691,,,,,,,,random,,,,,business & marketing,2017,UCI,0,0,8220.0,4110.0,8220.0,4110.0,2,2,17,17,r0f0,0.1547445255474452,5.462264150943396,
online_shoppers_intention,binary,True,Revenue,roc_auc,,,Revenue,,,,,2,2,True,12330.0,17,2,12330.0,online_shoppers_intention,363691,,,,,,,,random,,,,,business & marketing,2017,UCI,0,1,8220.0,4110.0,8220.0,4110.0,2,2,17,17,r0f1,0.1547445255474452,5.462264150943396,
online_shoppers_intention,binary,True,Revenue,roc_auc,,,Revenue,,,,,2,2,True,12330.0,17,2,12330.0,online_shoppers_intention,363691,,,,,,,,random,,,,,business & marketing,2017,UCI,0,2,8220.0,4110.0,8220.0,4110.0,2,2,17,17,r0f2,0.1547445255474452,5.462264150943396,
online_shoppers_intention,binary,True,Revenue,roc_auc,,,Revenue,,,,,2,2,True,12330.0,17,2,12330.0,online_shoppers_intention,363691,,,,,,,,random,,,,,business & marketing,2017,UCI,1,0,8220.0,4110.0,8220.0,4110.0,2,2,17,17,r1f0,0.1547445255474452,5.462264150943396,
online_shoppers_intention,binary,True,Revenue,roc_auc,,,Revenue,,,,,2,2,True,12330.0,17,2,12330.0,online_shoppers_intention,363691,,,,,,,,random,,,,,business & marketing,2017,UCI,1,1,8220.0,4110.0,8220.0,4110.0,2,2,17,17,r1f1,0.1547445255474452,5.462264150943396,
online_shoppers_intention,binary,True,Revenue,roc_auc,,,Revenue,,,,,2,2,True,12330.0,17,2,12330.0,online_shoppers_intention,363691,,,,,,,,random,,,,,business & marketing,2017,UCI,1,2,8220.0,4110.0,8220.0,4110.0,2,2,17,17,r1f2,0.1547445255474452,5.462264150943396,
online_shoppers_intention,binary,True,Revenue,roc_auc,,,Revenue,,,,,2,2,True,12330.0,17,2,12330.0,online_shoppers_intention,363691,,,,,,,,random,,,,,business & marketing,2017,UCI,2,0,8220.0,4110.0,8220.0,4110.0,2,2,17,17,r2f0,0.1547445255474452,5.462264150943396,
online_shoppers_intention,binary,True,Revenue,roc_auc,,,Revenue,,,,,2,2,True,12330.0,17,2,12330.0,online_shoppers_intention,363691,,,,,,,,random,,,,,business & marketing,2017,UCI,2,1,8220.0,4110.0,8220.0,4110.0,2,2,17,17,r2f1,0.1547445255474452,5.462264150943396,
online_shoppers_intention,binary,True,Revenue,roc_auc,,,Revenue,,,,,2,2,True,12330.0,17,2,12330.0,online_shoppers_intention,363691,,,,,,,,random,,,,,business & marketing,2017,UCI,2,2,8220.0,4110.0,8220.0,4110.0,2,2,17,17,r2f2,0.1547445255474452,5.462264150943396,
physiochemical_protein,regression,False,ResidualSize,rmse,,,,,,,,-1,-1,True,45730.0,9,-1,45730.0,physiochemical_protein,363693,,,,,,,,random,,,,,chemistry & material science,2013,UCI,0,0,30486.666666666668,15243.333333333334,30486.666666666668,15243.333333333334,-1,-1,9,9,r0f0,,,0.5665036047588572
physiochemical_protein,regression,False,ResidualSize,rmse,,,,,,,,-1,-1,True,45730.0,9,-1,45730.0,physiochemical_protein,363693,,,,,,,,random,,,,,chemistry & material science,2013,UCI,0,1,30486.666666666668,15243.333333333334,30486.666666666668,15243.333333333334,-1,-1,9,9,r0f1,,,0.5665036047588572
physiochemical_protein,regression,False,ResidualSize,rmse,,,,,,,,-1,-1,True,45730.0,9,-1,45730.0,physiochemical_protein,363693,,,,,,,,random,,,,,chemistry & material science,2013,UCI,0,2,30486.666666666668,15243.333333333334,30486.666666666668,15243.333333333334,-1,-1,9,9,r0f2,,,0.5665036047588572
physiochemical_protein,regression,False,ResidualSize,rmse,,,,,,,,-1,-1,True,45730.0,9,-1,45730.0,physiochemical_protein,363693,,,,,,,,random,,,,,chemistry & material science,2013,UCI,1,0,30486.666666666668,15243.333333333334,30486.666666666668,15243.333333333334,-1,-1,9,9,r1f0,,,0.5665036047588572
physiochemical_protein,regression,False,ResidualSize,rmse,,,,,,,,-1,-1,True,45730.0,9,-1,45730.0,physiochemical_protein,363693,,,,,,,,random,,,,,chemistry & material science,2013,UCI,1,1,30486.666666666668,15243.333333333334,30486.666666666668,15243.333333333334,-1,-1,9,9,r1f1,,,0.5665036047588572
physiochemical_protein,regression,False,ResidualSize,rmse,,,,,,,,-1,-1,True,45730.0,9,-1,45730.0,physiochemical_protein,363693,,,,,,,,random,,,,,chemistry & material science,2013,UCI,1,2,30486.666666666668,15243.333333333334,30486.666666666668,15243.333333333334,-1,-1,9,9,r1f2,,,0.5665036047588572
physiochemical_protein,regression,False,ResidualSize,rmse,,,,,,,,-1,-1,True,45730.0,9,-1,45730.0,physiochemical_protein,363693,,,,,,,,random,,,,,chemistry & material science,2013,UCI,2,0,30486.666666666668,15243.333333333334,30486.666666666668,15243.333333333334,-1,-1,9,9,r2f0,,,0.5665036047588572
physiochemical_protein,regression,False,ResidualSize,rmse,,,,,,,,-1,-1,True,45730.0,9,-1,45730.0,physiochemical_protein,363693,,,,,,,,random,,,,,chemistry & material science,2013,UCI,2,1,30486.666666666668,15243.333333333334,30486.666666666668,15243.333333333334,-1,-1,9,9,r2f1,,,0.5665036047588572
physiochemical_protein,regression,False,ResidualSize,rmse,,,,,,,,-1,-1,True,45730.0,9,-1,45730.0,physiochemical_protein,363693,,,,,,,,random,,,,,chemistry & material science,2013,UCI,2,2,30486.666666666668,15243.333333333334,30486.666666666668,15243.333333333334,-1,-1,9,9,r2f2,,,0.5665036047588572
polish_companies_bankruptcy,binary,True,company_bankrupt,roc_auc,,,company_bankrupt,,,,,2,2,True,5910.0,64,2,5910.0,polish_companies_bankruptcy,363694,,,,,,,,random,,,,,finance,2010,UCI,0,0,3940.0,1970.0,3940.0,1970.0,2,2,64,64,r0f0,0.0693739424703891,13.414634146341465,
polish_companies_bankruptcy,binary,True,company_bankrupt,roc_auc,,,company_bankrupt,,,,,2,2,True,5910.0,64,2,5910.0,polish_companies_bankruptcy,363694,,,,,,,,random,,,,,finance,2010,UCI,0,1,3940.0,1970.0,3940.0,1970.0,2,2,64,64,r0f1,0.0693739424703891,13.414634146341465,
polish_companies_bankruptcy,binary,True,company_bankrupt,roc_auc,,,company_bankrupt,,,,,2,2,True,5910.0,64,2,5910.0,polish_companies_bankruptcy,363694,,,,,,,,random,,,,,finance,2010,UCI,0,2,3940.0,1970.0,3940.0,1970.0,2,2,64,64,r0f2,0.0693739424703891,13.414634146341465,
polish_companies_bankruptcy,binary,True,company_bankrupt,roc_auc,,,company_bankrupt,,,,,2,2,True,5910.0,64,2,5910.0,polish_companies_bankruptcy,363694,,,,,,,,random,,,,,finance,2010,UCI,1,0,3940.0,1970.0,3940.0,1970.0,2,2,64,64,r1f0,0.0693739424703891,13.414634146341465,
polish_companies_bankruptcy,binary,True,company_bankrupt,roc_auc,,,company_bankrupt,,,,,2,2,True,5910.0,64,2,5910.0,polish_companies_bankruptcy,363694,,,,,,,,random,,,,,finance,2010,UCI,1,1,3940.0,1970.0,3940.0,1970.0,2,2,64,64,r1f1,0.0693739424703891,13.414634146341465,
polish_companies_bankruptcy,binary,True,company_bankrupt,roc_auc,,,company_bankrupt,,,,,2,2,True,5910.0,64,2,5910.0,polish_companies_bankruptcy,363694,,,,,,,,random,,,,,finance,2010,UCI,1,2,3940.0,1970.0,3940.0,1970.0,2,2,64,64,r1f2,0.0693739424703891,13.414634146341465,
polish_companies_bankruptcy,binary,True,company_bankrupt,roc_auc,,,company_bankrupt,,,,,2,2,True,5910.0,64,2,5910.0,polish_companies_bankruptcy,363694,,,,,,,,random,,,,,finance,2010,UCI,2,0,3940.0,1970.0,3940.0,1970.0,2,2,64,64,r2f0,0.0693739424703891,13.414634146341465,
polish_companies_bankruptcy,binary,True,company_bankrupt,roc_auc,,,company_bankrupt,,,,,2,2,True,5910.0,64,2,5910.0,polish_companies_bankruptcy,363694,,,,,,,,random,,,,,finance,2010,UCI,2,1,3940.0,1970.0,3940.0,1970.0,2,2,64,64,r2f1,0.0693739424703891,13.414634146341465,
polish_companies_bankruptcy,binary,True,company_bankrupt,roc_auc,,,company_bankrupt,,,,,2,2,True,5910.0,64,2,5910.0,polish_companies_bankruptcy,363694,,,,,,,,random,,,,,finance,2010,UCI,2,2,3940.0,1970.0,3940.0,1970.0,2,2,64,64,r2f2,0.0693739424703891,13.414634146341465,
qsar-biodeg,binary,True,Biodegradable,roc_auc,,,Biodegradable,,,,,2,2,True,1054.0,41,2,1054.0,qsar-biodeg,363696,,,,,,,,random,,,,,biology & life sciences,2013,UCI,0,0,702.6666666666666,351.3333333333333,702.6666666666666,351.3333333333333,2,2,41,41,r0f0,0.3368121442125237,1.9690140845070423,
qsar-biodeg,binary,True,Biodegradable,roc_auc,,,Biodegradable,,,,,2,2,True,1054.0,41,2,1054.0,qsar-biodeg,363696,,,,,,,,random,,,,,biology & life sciences,2013,UCI,0,1,702.6666666666666,351.3333333333333,702.6666666666666,351.3333333333333,2,2,41,41,r0f1,0.3368121442125237,1.9690140845070423,
qsar-biodeg,binary,True,Biodegradable,roc_auc,,,Biodegradable,,,,,2,2,True,1054.0,41,2,1054.0,qsar-biodeg,363696,,,,,,,,random,,,,,biology & life sciences,2013,UCI,0,2,702.6666666666666,351.3333333333333,702.6666666666666,351.3333333333333,2,2,41,41,r0f2,0.3368121442125237,1.9690140845070423,
qsar-biodeg,binary,True,Biodegradable,roc_auc,,,Biodegradable,,,,,2,2,True,1054.0,41,2,1054.0,qsar-biodeg,363696,,,,,,,,random,,,,,biology & life sciences,2013,UCI,1,0,702.6666666666666,351.3333333333333,702.6666666666666,351.3333333333333,2,2,41,41,r1f0,0.3368121442125237,1.9690140845070423,
qsar-biodeg,binary,True,Biodegradable,roc_auc,,,Biodegradable,,,,,2,2,True,1054.0,41,2,1054.0,qsar-biodeg,363696,,,,,,,,random,,,,,biology & life sciences,2013,UCI,1,1,702.6666666666666,351.3333333333333,702.6666666666666,351.3333333333333,2,2,41,41,r1f1,0.3368121442125237,1.9690140845070423,
qsar-biodeg,binary,True,Biodegradable,roc_auc,,,Biodegradable,,,,,2,2,True,1054.0,41,2,1054.0,qsar-biodeg,363696,,,,,,,,random,,,,,biology & life sciences,2013,UCI,1,2,702.6666666666666,351.3333333333333,702.6666666666666,351.3333333333333,2,2,41,41,r1f2,0.3368121442125237,1.9690140845070423,
qsar-biodeg,binary,True,Biodegradable,roc_auc,,,Biodegradable,,,,,2,2,True,1054.0,41,2,1054.0,qsar-biodeg,363696,,,,,,,,random,,,,,biology & life sciences,2013,UCI,2,0,702.6666666666666,351.3333333333333,702.6666666666666,351.3333333333333,2,2,41,41,r2f0,0.3368121442125237,1.9690140845070423,
qsar-biodeg,binary,True,Biodegradable,roc_auc,,,Biodegradable,,,,,2,2,True,1054.0,41,2,1054.0,qsar-biodeg,363696,,,,,,,,random,,,,,biology & life sciences,2013,UCI,2,1,702.6666666666666,351.3333333333333,702.6666666666666,351.3333333333333,2,2,41,41,r2f1,0.3368121442125237,1.9690140845070423,
qsar-biodeg,binary,True,Biodegradable,roc_auc,,,Biodegradable,,,,,2,2,True,1054.0,41,2,1054.0,qsar-biodeg,363696,,,,,,,,random,,,,,biology & life sciences,2013,UCI,2,2,702.6666666666666,351.3333333333333,702.6666666666666,351.3333333333333,2,2,41,41,r2f2,0.3368121442125237,1.9690140845070423,
qsar-biodeg,binary,True,Biodegradable,roc_auc,,,Biodegradable,,,,,2,2,True,1054.0,41,2,1054.0,qsar-biodeg,363696,,,,,,,,random,,,,,biology & life sciences,2013,UCI,3,0,702.6666666666666,351.3333333333333,702.6666666666666,351.3333333333333,2,2,41,41,r3f0,0.3368121442125237,1.9690140845070423,
qsar-biodeg,binary,True,Biodegradable,roc_auc,,,Biodegradable,,,,,2,2,True,1054.0,41,2,1054.0,qsar-biodeg,363696,,,,,,,,random,,,,,biology & life sciences,2013,UCI,3,1,702.6666666666666,351.3333333333333,702.6666666666666,351.3333333333333,2,2,41,41,r3f1,0.3368121442125237,1.9690140845070423,
qsar-biodeg,binary,True,Biodegradable,roc_auc,,,Biodegradable,,,,,2,2,True,1054.0,41,2,1054.0,qsar-biodeg,363696,,,,,,,,random,,,,,biology & life sciences,2013,UCI,3,2,702.6666666666666,351.3333333333333,702.6666666666666,351.3333333333333,2,2,41,41,r3f2,0.3368121442125237,1.9690140845070423,
qsar-biodeg,binary,True,Biodegradable,roc_auc,,,Biodegradable,,,,,2,2,True,1054.0,41,2,1054.0,qsar-biodeg,363696,,,,,,,,random,,,,,biology & life sciences,2013,UCI,4,0,702.6666666666666,351.3333333333333,702.6666666666666,351.3333333333333,2,2,41,41,r4f0,0.3368121442125237,1.9690140845070423,
qsar-biodeg,binary,True,Biodegradable,roc_auc,,,Biodegradable,,,,,2,2,True,1054.0,41,2,1054.0,qsar-biodeg,363696,,,,,,,,random,,,,,biology & life sciences,2013,UCI,4,1,702.6666666666666,351.3333333333333,702.6666666666666,351.3333333333333,2,2,41,41,r4f1,0.3368121442125237,1.9690140845070423,
qsar-biodeg,binary,True,Biodegradable,roc_auc,,,Biodegradable,,,,,2,2,True,1054.0,41,2,1054.0,qsar-biodeg,363696,,,,,,,,random,,,,,biology & life sciences,2013,UCI,4,2,702.6666666666666,351.3333333333333,702.6666666666666,351.3333333333333,2,2,41,41,r4f2,0.3368121442125237,1.9690140845070423,
qsar-biodeg,binary,True,Biodegradable,roc_auc,,,Biodegradable,,,,,2,2,True,1054.0,41,2,1054.0,qsar-biodeg,363696,,,,,,,,random,,,,,biology & life sciences,2013,UCI,5,0,702.6666666666666,351.3333333333333,702.6666666666666,351.3333333333333,2,2,41,41,r5f0,0.3368121442125237,1.9690140845070423,
qsar-biodeg,binary,True,Biodegradable,roc_auc,,,Biodegradable,,,,,2,2,True,1054.0,41,2,1054.0,qsar-biodeg,363696,,,,,,,,random,,,,,biology & life sciences,2013,UCI,5,1,702.6666666666666,351.3333333333333,702.6666666666666,351.3333333333333,2,2,41,41,r5f1,0.3368121442125237,1.9690140845070423,
qsar-biodeg,binary,True,Biodegradable,roc_auc,,,Biodegradable,,,,,2,2,True,1054.0,41,2,1054.0,qsar-biodeg,363696,,,,,,,,random,,,,,biology & life sciences,2013,UCI,5,2,702.6666666666666,351.3333333333333,702.6666666666666,351.3333333333333,2,2,41,41,r5f2,0.3368121442125237,1.9690140845070423,
qsar-biodeg,binary,True,Biodegradable,roc_auc,,,Biodegradable,,,,,2,2,True,1054.0,41,2,1054.0,qsar-biodeg,363696,,,,,,,,random,,,,,biology & life sciences,2013,UCI,6,0,702.6666666666666,351.3333333333333,702.6666666666666,351.3333333333333,2,2,41,41,r6f0,0.3368121442125237,1.9690140845070423,
qsar-biodeg,binary,True,Biodegradable,roc_auc,,,Biodegradable,,,,,2,2,True,1054.0,41,2,1054.0,qsar-biodeg,363696,,,,,,,,random,,,,,biology & life sciences,2013,UCI,6,1,702.6666666666666,351.3333333333333,702.6666666666666,351.3333333333333,2,2,41,41,r6f1,0.3368121442125237,1.9690140845070423,
qsar-biodeg,binary,True,Biodegradable,roc_auc,,,Biodegradable,,,,,2,2,True,1054.0,41,2,1054.0,qsar-biodeg,363696,,,,,,,,random,,,,,biology & life sciences,2013,UCI,6,2,702.6666666666666,351.3333333333333,702.6666666666666,351.3333333333333,2,2,41,41,r6f2,0.3368121442125237,1.9690140845070423,
qsar-biodeg,binary,True,Biodegradable,roc_auc,,,Biodegradable,,,,,2,2,True,1054.0,41,2,1054.0,qsar-biodeg,363696,,,,,,,,random,,,,,biology & life sciences,2013,UCI,7,0,702.6666666666666,351.3333333333333,702.6666666666666,351.3333333333333,2,2,41,41,r7f0,0.3368121442125237,1.9690140845070423,
qsar-biodeg,binary,True,Biodegradable,roc_auc,,,Biodegradable,,,,,2,2,True,1054.0,41,2,1054.0,qsar-biodeg,363696,,,,,,,,random,,,,,biology & life sciences,2013,UCI,7,1,702.6666666666666,351.3333333333333,702.6666666666666,351.3333333333333,2,2,41,41,r7f1,0.3368121442125237,1.9690140845070423,
qsar-biodeg,binary,True,Biodegradable,roc_auc,,,Biodegradable,,,,,2,2,True,1054.0,41,2,1054.0,qsar-biodeg,363696,,,,,,,,random,,,,,biology & life sciences,2013,UCI,7,2,702.6666666666666,351.3333333333333,702.6666666666666,351.3333333333333,2,2,41,41,r7f2,0.3368121442125237,1.9690140845070423,
qsar-biodeg,binary,True,Biodegradable,roc_auc,,,Biodegradable,,,,,2,2,True,1054.0,41,2,1054.0,qsar-biodeg,363696,,,,,,,,random,,,,,biology & life sciences,2013,UCI,8,0,702.6666666666666,351.3333333333333,702.6666666666666,351.3333333333333,2,2,41,41,r8f0,0.3368121442125237,1.9690140845070423,
qsar-biodeg,binary,True,Biodegradable,roc_auc,,,Biodegradable,,,,,2,2,True,1054.0,41,2,1054.0,qsar-biodeg,363696,,,,,,,,random,,,,,biology & life sciences,2013,UCI,8,1,702.6666666666666,351.3333333333333,702.6666666666666,351.3333333333333,2,2,41,41,r8f1,0.3368121442125237,1.9690140845070423,
qsar-biodeg,binary,True,Biodegradable,roc_auc,,,Biodegradable,,,,,2,2,True,1054.0,41,2,1054.0,qsar-biodeg,363696,,,,,,,,random,,,,,biology & life sciences,2013,UCI,8,2,702.6666666666666,351.3333333333333,702.6666666666666,351.3333333333333,2,2,41,41,r8f2,0.3368121442125237,1.9690140845070423,
qsar-biodeg,binary,True,Biodegradable,roc_auc,,,Biodegradable,,,,,2,2,True,1054.0,41,2,1054.0,qsar-biodeg,363696,,,,,,,,random,,,,,biology & life sciences,2013,UCI,9,0,702.6666666666666,351.3333333333333,702.6666666666666,351.3333333333333,2,2,41,41,r9f0,0.3368121442125237,1.9690140845070423,
qsar-biodeg,binary,True,Biodegradable,roc_auc,,,Biodegradable,,,,,2,2,True,1054.0,41,2,1054.0,qsar-biodeg,363696,,,,,,,,random,,,,,biology & life sciences,2013,UCI,9,1,702.6666666666666,351.3333333333333,702.6666666666666,351.3333333333333,2,2,41,41,r9f1,0.3368121442125237,1.9690140845070423,
qsar-biodeg,binary,True,Biodegradable,roc_auc,,,Biodegradable,,,,,2,2,True,1054.0,41,2,1054.0,qsar-biodeg,363696,,,,,,,,random,,,,,biology & life sciences,2013,UCI,9,2,702.6666666666666,351.3333333333333,702.6666666666666,351.3333333333333,2,2,41,41,r9f2,0.3368121442125237,1.9690140845070423,
QSAR-TID-11,regression,False,MEDIAN_PXC50,rmse,,,,,,,,-1,-1,True,5742.0,1024,-1,5742.0,QSAR-TID-11,363697,,,,,,,,random,,,,,chemistry & material science,2015,OpenML,0,0,3828.0,1914.0,3828.0,1914.0,-1,-1,1024,1024,r0f0,,,0.5932582769684663
QSAR-TID-11,regression,False,MEDIAN_PXC50,rmse,,,,,,,,-1,-1,True,5742.0,1024,-1,5742.0,QSAR-TID-11,363697,,,,,,,,random,,,,,chemistry & material science,2015,OpenML,0,1,3828.0,1914.0,3828.0,1914.0,-1,-1,1024,1024,r0f1,,,0.5932582769684663
QSAR-TID-11,regression,False,MEDIAN_PXC50,rmse,,,,,,,,-1,-1,True,5742.0,1024,-1,5742.0,QSAR-TID-11,363697,,,,,,,,random,,,,,chemistry & material science,2015,OpenML,0,2,3828.0,1914.0,3828.0,1914.0,-1,-1,1024,1024,r0f2,,,0.5932582769684663
QSAR-TID-11,regression,False,MEDIAN_PXC50,rmse,,,,,,,,-1,-1,True,5742.0,1024,-1,5742.0,QSAR-TID-11,363697,,,,,,,,random,,,,,chemistry & material science,2015,OpenML,1,0,3828.0,1914.0,3828.0,1914.0,-1,-1,1024,1024,r1f0,,,0.5932582769684663
QSAR-TID-11,regression,False,MEDIAN_PXC50,rmse,,,,,,,,-1,-1,True,5742.0,1024,-1,5742.0,QSAR-TID-11,363697,,,,,,,,random,,,,,chemistry & material science,2015,OpenML,1,1,3828.0,1914.0,3828.0,1914.0,-1,-1,1024,1024,r1f1,,,0.5932582769684663
QSAR-TID-11,regression,False,MEDIAN_PXC50,rmse,,,,,,,,-1,-1,True,5742.0,1024,-1,5742.0,QSAR-TID-11,363697,,,,,,,,random,,,,,chemistry & material science,2015,OpenML,1,2,3828.0,1914.0,3828.0,1914.0,-1,-1,1024,1024,r1f2,,,0.5932582769684663
QSAR-TID-11,regression,False,MEDIAN_PXC50,rmse,,,,,,,,-1,-1,True,5742.0,1024,-1,5742.0,QSAR-TID-11,363697,,,,,,,,random,,,,,chemistry & material science,2015,OpenML,2,0,3828.0,1914.0,3828.0,1914.0,-1,-1,1024,1024,r2f0,,,0.5932582769684663
QSAR-TID-11,regression,False,MEDIAN_PXC50,rmse,,,,,,,,-1,-1,True,5742.0,1024,-1,5742.0,QSAR-TID-11,363697,,,,,,,,random,,,,,chemistry & material science,2015,OpenML,2,1,3828.0,1914.0,3828.0,1914.0,-1,-1,1024,1024,r2f1,,,0.5932582769684663
QSAR-TID-11,regression,False,MEDIAN_PXC50,rmse,,,,,,,,-1,-1,True,5742.0,1024,-1,5742.0,QSAR-TID-11,363697,,,,,,,,random,,,,,chemistry & material science,2015,OpenML,2,2,3828.0,1914.0,3828.0,1914.0,-1,-1,1024,1024,r2f2,,,0.5932582769684663
QSAR_fish_toxicity,regression,False,LC50,rmse,,,,,,,,-1,-1,True,907.0,6,-1,907.0,QSAR_fish_toxicity,363698,,,,,,,,random,,,,,biology & life sciences,2015,UCI,0,0,604.6666666666666,302.3333333333333,604.6666666666666,302.3333333333333,-1,-1,6,6,r0f0,,,0.2509402167281599
QSAR_fish_toxicity,regression,False,LC50,rmse,,,,,,,,-1,-1,True,907.0,6,-1,907.0,QSAR_fish_toxicity,363698,,,,,,,,random,,,,,biology & life sciences,2015,UCI,0,1,604.6666666666666,302.3333333333333,604.6666666666666,302.3333333333333,-1,-1,6,6,r0f1,,,0.2509402167281599
QSAR_fish_toxicity,regression,False,LC50,rmse,,,,,,,,-1,-1,True,907.0,6,-1,907.0,QSAR_fish_toxicity,363698,,,,,,,,random,,,,,biology & life sciences,2015,UCI,0,2,604.6666666666666,302.3333333333333,604.6666666666666,302.3333333333333,-1,-1,6,6,r0f2,,,0.2509402167281599
QSAR_fish_toxicity,regression,False,LC50,rmse,,,,,,,,-1,-1,True,907.0,6,-1,907.0,QSAR_fish_toxicity,363698,,,,,,,,random,,,,,biology & life sciences,2015,UCI,1,0,604.6666666666666,302.3333333333333,604.6666666666666,302.3333333333333,-1,-1,6,6,r1f0,,,0.2509402167281599
QSAR_fish_toxicity,regression,False,LC50,rmse,,,,,,,,-1,-1,True,907.0,6,-1,907.0,QSAR_fish_toxicity,363698,,,,,,,,random,,,,,biology & life sciences,2015,UCI,1,1,604.6666666666666,302.3333333333333,604.6666666666666,302.3333333333333,-1,-1,6,6,r1f1,,,0.2509402167281599
QSAR_fish_toxicity,regression,False,LC50,rmse,,,,,,,,-1,-1,True,907.0,6,-1,907.0,QSAR_fish_toxicity,363698,,,,,,,,random,,,,,biology & life sciences,2015,UCI,1,2,604.6666666666666,302.3333333333333,604.6666666666666,302.3333333333333,-1,-1,6,6,r1f2,,,0.2509402167281599
QSAR_fish_toxicity,regression,False,LC50,rmse,,,,,,,,-1,-1,True,907.0,6,-1,907.0,QSAR_fish_toxicity,363698,,,,,,,,random,,,,,biology & life sciences,2015,UCI,2,0,604.6666666666666,302.3333333333333,604.6666666666666,302.3333333333333,-1,-1,6,6,r2f0,,,0.2509402167281599
QSAR_fish_toxicity,regression,False,LC50,rmse,,,,,,,,-1,-1,True,907.0,6,-1,907.0,QSAR_fish_toxicity,363698,,,,,,,,random,,,,,biology & life sciences,2015,UCI,2,1,604.6666666666666,302.3333333333333,604.6666666666666,302.3333333333333,-1,-1,6,6,r2f1,,,0.2509402167281599
QSAR_fish_toxicity,regression,False,LC50,rmse,,,,,,,,-1,-1,True,907.0,6,-1,907.0,QSAR_fish_toxicity,363698,,,,,,,,random,,,,,biology & life sciences,2015,UCI,2,2,604.6666666666666,302.3333333333333,604.6666666666666,302.3333333333333,-1,-1,6,6,r2f2,,,0.2509402167281599
QSAR_fish_toxicity,regression,False,LC50,rmse,,,,,,,,-1,-1,True,907.0,6,-1,907.0,QSAR_fish_toxicity,363698,,,,,,,,random,,,,,biology & life sciences,2015,UCI,3,0,604.6666666666666,302.3333333333333,604.6666666666666,302.3333333333333,-1,-1,6,6,r3f0,,,0.2509402167281599
QSAR_fish_toxicity,regression,False,LC50,rmse,,,,,,,,-1,-1,True,907.0,6,-1,907.0,QSAR_fish_toxicity,363698,,,,,,,,random,,,,,biology & life sciences,2015,UCI,3,1,604.6666666666666,302.3333333333333,604.6666666666666,302.3333333333333,-1,-1,6,6,r3f1,,,0.2509402167281599
QSAR_fish_toxicity,regression,False,LC50,rmse,,,,,,,,-1,-1,True,907.0,6,-1,907.0,QSAR_fish_toxicity,363698,,,,,,,,random,,,,,biology & life sciences,2015,UCI,3,2,604.6666666666666,302.3333333333333,604.6666666666666,302.3333333333333,-1,-1,6,6,r3f2,,,0.2509402167281599
QSAR_fish_toxicity,regression,False,LC50,rmse,,,,,,,,-1,-1,True,907.0,6,-1,907.0,QSAR_fish_toxicity,363698,,,,,,,,random,,,,,biology & life sciences,2015,UCI,4,0,604.6666666666666,302.3333333333333,604.6666666666666,302.3333333333333,-1,-1,6,6,r4f0,,,0.2509402167281599
QSAR_fish_toxicity,regression,False,LC50,rmse,,,,,,,,-1,-1,True,907.0,6,-1,907.0,QSAR_fish_toxicity,363698,,,,,,,,random,,,,,biology & life sciences,2015,UCI,4,1,604.6666666666666,302.3333333333333,604.6666666666666,302.3333333333333,-1,-1,6,6,r4f1,,,0.2509402167281599
QSAR_fish_toxicity,regression,False,LC50,rmse,,,,,,,,-1,-1,True,907.0,6,-1,907.0,QSAR_fish_toxicity,363698,,,,,,,,random,,,,,biology & life sciences,2015,UCI,4,2,604.6666666666666,302.3333333333333,604.6666666666666,302.3333333333333,-1,-1,6,6,r4f2,,,0.2509402167281599
QSAR_fish_toxicity,regression,False,LC50,rmse,,,,,,,,-1,-1,True,907.0,6,-1,907.0,QSAR_fish_toxicity,363698,,,,,,,,random,,,,,biology & life sciences,2015,UCI,5,0,604.6666666666666,302.3333333333333,604.6666666666666,302.3333333333333,-1,-1,6,6,r5f0,,,0.2509402167281599
QSAR_fish_toxicity,regression,False,LC50,rmse,,,,,,,,-1,-1,True,907.0,6,-1,907.0,QSAR_fish_toxicity,363698,,,,,,,,random,,,,,biology & life sciences,2015,UCI,5,1,604.6666666666666,302.3333333333333,604.6666666666666,302.3333333333333,-1,-1,6,6,r5f1,,,0.2509402167281599
QSAR_fish_toxicity,regression,False,LC50,rmse,,,,,,,,-1,-1,True,907.0,6,-1,907.0,QSAR_fish_toxicity,363698,,,,,,,,random,,,,,biology & life sciences,2015,UCI,5,2,604.6666666666666,302.3333333333333,604.6666666666666,302.3333333333333,-1,-1,6,6,r5f2,,,0.2509402167281599
QSAR_fish_toxicity,regression,False,LC50,rmse,,,,,,,,-1,-1,True,907.0,6,-1,907.0,QSAR_fish_toxicity,363698,,,,,,,,random,,,,,biology & life sciences,2015,UCI,6,0,604.6666666666666,302.3333333333333,604.6666666666666,302.3333333333333,-1,-1,6,6,r6f0,,,0.2509402167281599
QSAR_fish_toxicity,regression,False,LC50,rmse,,,,,,,,-1,-1,True,907.0,6,-1,907.0,QSAR_fish_toxicity,363698,,,,,,,,random,,,,,biology & life sciences,2015,UCI,6,1,604.6666666666666,302.3333333333333,604.6666666666666,302.3333333333333,-1,-1,6,6,r6f1,,,0.2509402167281599
QSAR_fish_toxicity,regression,False,LC50,rmse,,,,,,,,-1,-1,True,907.0,6,-1,907.0,QSAR_fish_toxicity,363698,,,,,,,,random,,,,,biology & life sciences,2015,UCI,6,2,604.6666666666666,302.3333333333333,604.6666666666666,302.3333333333333,-1,-1,6,6,r6f2,,,0.2509402167281599
QSAR_fish_toxicity,regression,False,LC50,rmse,,,,,,,,-1,-1,True,907.0,6,-1,907.0,QSAR_fish_toxicity,363698,,,,,,,,random,,,,,biology & life sciences,2015,UCI,7,0,604.6666666666666,302.3333333333333,604.6666666666666,302.3333333333333,-1,-1,6,6,r7f0,,,0.2509402167281599
QSAR_fish_toxicity,regression,False,LC50,rmse,,,,,,,,-1,-1,True,907.0,6,-1,907.0,QSAR_fish_toxicity,363698,,,,,,,,random,,,,,biology & life sciences,2015,UCI,7,1,604.6666666666666,302.3333333333333,604.6666666666666,302.3333333333333,-1,-1,6,6,r7f1,,,0.2509402167281599
QSAR_fish_toxicity,regression,False,LC50,rmse,,,,,,,,-1,-1,True,907.0,6,-1,907.0,QSAR_fish_toxicity,363698,,,,,,,,random,,,,,biology & life sciences,2015,UCI,7,2,604.6666666666666,302.3333333333333,604.6666666666666,302.3333333333333,-1,-1,6,6,r7f2,,,0.2509402167281599
QSAR_fish_toxicity,regression,False,LC50,rmse,,,,,,,,-1,-1,True,907.0,6,-1,907.0,QSAR_fish_toxicity,363698,,,,,,,,random,,,,,biology & life sciences,2015,UCI,8,0,604.6666666666666,302.3333333333333,604.6666666666666,302.3333333333333,-1,-1,6,6,r8f0,,,0.2509402167281599
QSAR_fish_toxicity,regression,False,LC50,rmse,,,,,,,,-1,-1,True,907.0,6,-1,907.0,QSAR_fish_toxicity,363698,,,,,,,,random,,,,,biology & life sciences,2015,UCI,8,1,604.6666666666666,302.3333333333333,604.6666666666666,302.3333333333333,-1,-1,6,6,r8f1,,,0.2509402167281599
QSAR_fish_toxicity,regression,False,LC50,rmse,,,,,,,,-1,-1,True,907.0,6,-1,907.0,QSAR_fish_toxicity,363698,,,,,,,,random,,,,,biology & life sciences,2015,UCI,8,2,604.6666666666666,302.3333333333333,604.6666666666666,302.3333333333333,-1,-1,6,6,r8f2,,,0.2509402167281599
QSAR_fish_toxicity,regression,False,LC50,rmse,,,,,,,,-1,-1,True,907.0,6,-1,907.0,QSAR_fish_toxicity,363698,,,,,,,,random,,,,,biology & life sciences,2015,UCI,9,0,604.6666666666666,302.3333333333333,604.6666666666666,302.3333333333333,-1,-1,6,6,r9f0,,,0.2509402167281599
QSAR_fish_toxicity,regression,False,LC50,rmse,,,,,,,,-1,-1,True,907.0,6,-1,907.0,QSAR_fish_toxicity,363698,,,,,,,,random,,,,,biology & life sciences,2015,UCI,9,1,604.6666666666666,302.3333333333333,604.6666666666666,302.3333333333333,-1,-1,6,6,r9f1,,,0.2509402167281599
QSAR_fish_toxicity,regression,False,LC50,rmse,,,,,,,,-1,-1,True,907.0,6,-1,907.0,QSAR_fish_toxicity,363698,,,,,,,,random,,,,,biology & life sciences,2015,UCI,9,2,604.6666666666666,302.3333333333333,604.6666666666666,302.3333333333333,-1,-1,6,6,r9f2,,,0.2509402167281599
SDSS17,multiclass,True,ObjectType,log_loss,,,ObjectType,,,,,3,3,True,78053.0,11,3,78053.0,SDSS17,363699,,,,,,,,random,,,,,physics & astronomy,2022,Kaggle,0,0,52035.333333333336,26017.666666666668,52035.333333333336,26017.666666666668,3,3,11,11,r0f0,0.1792884322191331,3.402386737173074,
SDSS17,multiclass,True,ObjectType,log_loss,,,ObjectType,,,,,3,3,True,78053.0,11,3,78053.0,SDSS17,363699,,,,,,,,random,,,,,physics & astronomy,2022,Kaggle,0,1,52035.333333333336,26017.666666666668,52035.333333333336,26017.666666666668,3,3,11,11,r0f1,0.1792884322191331,3.402386737173074,
SDSS17,multiclass,True,ObjectType,log_loss,,,ObjectType,,,,,3,3,True,78053.0,11,3,78053.0,SDSS17,363699,,,,,,,,random,,,,,physics & astronomy,2022,Kaggle,0,2,52035.333333333336,26017.666666666668,52035.333333333336,26017.666666666668,3,3,11,11,r0f2,0.1792884322191331,3.402386737173074,
SDSS17,multiclass,True,ObjectType,log_loss,,,ObjectType,,,,,3,3,True,78053.0,11,3,78053.0,SDSS17,363699,,,,,,,,random,,,,,physics & astronomy,2022,Kaggle,1,0,52035.333333333336,26017.666666666668,52035.333333333336,26017.666666666668,3,3,11,11,r1f0,0.1792884322191331,3.402386737173074,
SDSS17,multiclass,True,ObjectType,log_loss,,,ObjectType,,,,,3,3,True,78053.0,11,3,78053.0,SDSS17,363699,,,,,,,,random,,,,,physics & astronomy,2022,Kaggle,1,1,52035.333333333336,26017.666666666668,52035.333333333336,26017.666666666668,3,3,11,11,r1f1,0.1792884322191331,3.402386737173074,
SDSS17,multiclass,True,ObjectType,log_loss,,,ObjectType,,,,,3,3,True,78053.0,11,3,78053.0,SDSS17,363699,,,,,,,,random,,,,,physics & astronomy,2022,Kaggle,1,2,52035.333333333336,26017.666666666668,52035.333333333336,26017.666666666668,3,3,11,11,r1f2,0.1792884322191331,3.402386737173074,
SDSS17,multiclass,True,ObjectType,log_loss,,,ObjectType,,,,,3,3,True,78053.0,11,3,78053.0,SDSS17,363699,,,,,,,,random,,,,,physics & astronomy,2022,Kaggle,2,0,52035.333333333336,26017.666666666668,52035.333333333336,26017.666666666668,3,3,11,11,r2f0,0.1792884322191331,3.402386737173074,
SDSS17,multiclass,True,ObjectType,log_loss,,,ObjectType,,,,,3,3,True,78053.0,11,3,78053.0,SDSS17,363699,,,,,,,,random,,,,,physics & astronomy,2022,Kaggle,2,1,52035.333333333336,26017.666666666668,52035.333333333336,26017.666666666668,3,3,11,11,r2f1,0.1792884322191331,3.402386737173074,
SDSS17,multiclass,True,ObjectType,log_loss,,,ObjectType,,,,,3,3,True,78053.0,11,3,78053.0,SDSS17,363699,,,,,,,,random,,,,,physics & astronomy,2022,Kaggle,2,2,52035.333333333336,26017.666666666668,52035.333333333336,26017.666666666668,3,3,11,11,r2f2,0.1792884322191331,3.402386737173074,
seismic-bumps,binary,True,HighEnergySeismicBump,roc_auc,,,HighEnergySeismicBump,,,,,2,2,True,2584.0,15,2,2584.0,seismic-bumps,363700,,,,,,,,random,,,,,environmental science & climate,2013,UCI,0,0,1722.6666666666667,861.3333333333334,1722.6666666666667,861.3333333333334,2,2,15,15,r0f0,0.0657894736842105,14.2,
seismic-bumps,binary,True,HighEnergySeismicBump,roc_auc,,,HighEnergySeismicBump,,,,,2,2,True,2584.0,15,2,2584.0,seismic-bumps,363700,,,,,,,,random,,,,,environmental science & climate,2013,UCI,0,1,1722.6666666666667,861.3333333333334,1722.6666666666667,861.3333333333334,2,2,15,15,r0f1,0.0657894736842105,14.2,
seismic-bumps,binary,True,HighEnergySeismicBump,roc_auc,,,HighEnergySeismicBump,,,,,2,2,True,2584.0,15,2,2584.0,seismic-bumps,363700,,,,,,,,random,,,,,environmental science & climate,2013,UCI,0,2,1722.6666666666667,861.3333333333334,1722.6666666666667,861.3333333333334,2,2,15,15,r0f2,0.0657894736842105,14.2,
seismic-bumps,binary,True,HighEnergySeismicBump,roc_auc,,,HighEnergySeismicBump,,,,,2,2,True,2584.0,15,2,2584.0,seismic-bumps,363700,,,,,,,,random,,,,,environmental science & climate,2013,UCI,1,0,1722.6666666666667,861.3333333333334,1722.6666666666667,861.3333333333334,2,2,15,15,r1f0,0.0657894736842105,14.2,
seismic-bumps,binary,True,HighEnergySeismicBump,roc_auc,,,HighEnergySeismicBump,,,,,2,2,True,2584.0,15,2,2584.0,seismic-bumps,363700,,,,,,,,random,,,,,environmental science & climate,2013,UCI,1,1,1722.6666666666667,861.3333333333334,1722.6666666666667,861.3333333333334,2,2,15,15,r1f1,0.0657894736842105,14.2,
seismic-bumps,binary,True,HighEnergySeismicBump,roc_auc,,,HighEnergySeismicBump,,,,,2,2,True,2584.0,15,2,2584.0,seismic-bumps,363700,,,,,,,,random,,,,,environmental science & climate,2013,UCI,1,2,1722.6666666666667,861.3333333333334,1722.6666666666667,861.3333333333334,2,2,15,15,r1f2,0.0657894736842105,14.2,
seismic-bumps,binary,True,HighEnergySeismicBump,roc_auc,,,HighEnergySeismicBump,,,,,2,2,True,2584.0,15,2,2584.0,seismic-bumps,363700,,,,,,,,random,,,,,environmental science & climate,2013,UCI,2,0,1722.6666666666667,861.3333333333334,1722.6666666666667,861.3333333333334,2,2,15,15,r2f0,0.0657894736842105,14.2,
seismic-bumps,binary,True,HighEnergySeismicBump,roc_auc,,,HighEnergySeismicBump,,,,,2,2,True,2584.0,15,2,2584.0,seismic-bumps,363700,,,,,,,,random,,,,,environmental science & climate,2013,UCI,2,1,1722.6666666666667,861.3333333333334,1722.6666666666667,861.3333333333334,2,2,15,15,r2f1,0.0657894736842105,14.2,
seismic-bumps,binary,True,HighEnergySeismicBump,roc_auc,,,HighEnergySeismicBump,,,,,2,2,True,2584.0,15,2,2584.0,seismic-bumps,363700,,,,,,,,random,,,,,environmental science & climate,2013,UCI,2,2,1722.6666666666667,861.3333333333334,1722.6666666666667,861.3333333333334,2,2,15,15,r2f2,0.0657894736842105,14.2,
splice,multiclass,True,SiteType,log_loss,,,SiteType,,,,,3,3,True,3190.0,60,3,3190.0,splice,363702,,,,,,,,random,,,,,biology & life sciences,1991,UCI,0,0,2126.6666666666665,1063.3333333333333,2126.6666666666665,1063.3333333333333,3,3,60,60,r0f0,0.2404388714733542,2.1577574967405475,
splice,multiclass,True,SiteType,log_loss,,,SiteType,,,,,3,3,True,3190.0,60,3,3190.0,splice,363702,,,,,,,,random,,,,,biology & life sciences,1991,UCI,0,1,2126.6666666666665,1063.3333333333333,2126.6666666666665,1063.3333333333333,3,3,60,60,r0f1,0.2404388714733542,2.1577574967405475,
splice,multiclass,True,SiteType,log_loss,,,SiteType,,,,,3,3,True,3190.0,60,3,3190.0,splice,363702,,,,,,,,random,,,,,biology & life sciences,1991,UCI,0,2,2126.6666666666665,1063.3333333333333,2126.6666666666665,1063.3333333333333,3,3,60,60,r0f2,0.2404388714733542,2.1577574967405475,
splice,multiclass,True,SiteType,log_loss,,,SiteType,,,,,3,3,True,3190.0,60,3,3190.0,splice,363702,,,,,,,,random,,,,,biology & life sciences,1991,UCI,1,0,2126.6666666666665,1063.3333333333333,2126.6666666666665,1063.3333333333333,3,3,60,60,r1f0,0.2404388714733542,2.1577574967405475,
splice,multiclass,True,SiteType,log_loss,,,SiteType,,,,,3,3,True,3190.0,60,3,3190.0,splice,363702,,,,,,,,random,,,,,biology & life sciences,1991,UCI,1,1,2126.6666666666665,1063.3333333333333,2126.6666666666665,1063.3333333333333,3,3,60,60,r1f1,0.2404388714733542,2.1577574967405475,
splice,multiclass,True,SiteType,log_loss,,,SiteType,,,,,3,3,True,3190.0,60,3,3190.0,splice,363702,,,,,,,,random,,,,,biology & life sciences,1991,UCI,1,2,2126.6666666666665,1063.3333333333333,2126.6666666666665,1063.3333333333333,3,3,60,60,r1f2,0.2404388714733542,2.1577574967405475,
splice,multiclass,True,SiteType,log_loss,,,SiteType,,,,,3,3,True,3190.0,60,3,3190.0,splice,363702,,,,,,,,random,,,,,biology & life sciences,1991,UCI,2,0,2126.6666666666665,1063.3333333333333,2126.6666666666665,1063.3333333333333,3,3,60,60,r2f0,0.2404388714733542,2.1577574967405475,
splice,multiclass,True,SiteType,log_loss,,,SiteType,,,,,3,3,True,3190.0,60,3,3190.0,splice,363702,,,,,,,,random,,,,,biology & life sciences,1991,UCI,2,1,2126.6666666666665,1063.3333333333333,2126.6666666666665,1063.3333333333333,3,3,60,60,r2f1,0.2404388714733542,2.1577574967405475,
splice,multiclass,True,SiteType,log_loss,,,SiteType,,,,,3,3,True,3190.0,60,3,3190.0,splice,363702,,,,,,,,random,,,,,biology & life sciences,1991,UCI,2,2,2126.6666666666665,1063.3333333333333,2126.6666666666665,1063.3333333333333,3,3,60,60,r2f2,0.2404388714733542,2.1577574967405475,
students_dropout_and_academic_success,multiclass,True,AcademicOutcome,log_loss,,,AcademicOutcome,,,,,3,3,True,4424.0,36,3,4424.0,students_dropout_and_academic_success,363704,,,,,,,,random,,,,,education,2021,UCI,0,0,2949.3333333333335,1474.6666666666667,2949.3333333333335,1474.6666666666667,3,3,36,36,r0f0,0.1794755877034358,2.782115869017632,
students_dropout_and_academic_success,multiclass,True,AcademicOutcome,log_loss,,,AcademicOutcome,,,,,3,3,True,4424.0,36,3,4424.0,students_dropout_and_academic_success,363704,,,,,,,,random,,,,,education,2021,UCI,0,1,2949.3333333333335,1474.6666666666667,2949.3333333333335,1474.6666666666667,3,3,36,36,r0f1,0.1794755877034358,2.782115869017632,
students_dropout_and_academic_success,multiclass,True,AcademicOutcome,log_loss,,,AcademicOutcome,,,,,3,3,True,4424.0,36,3,4424.0,students_dropout_and_academic_success,363704,,,,,,,,random,,,,,education,2021,UCI,0,2,2949.3333333333335,1474.6666666666667,2949.3333333333335,1474.6666666666667,3,3,36,36,r0f2,0.1794755877034358,2.782115869017632,
students_dropout_and_academic_success,multiclass,True,AcademicOutcome,log_loss,,,AcademicOutcome,,,,,3,3,True,4424.0,36,3,4424.0,students_dropout_and_academic_success,363704,,,,,,,,random,,,,,education,2021,UCI,1,0,2949.3333333333335,1474.6666666666667,2949.3333333333335,1474.6666666666667,3,3,36,36,r1f0,0.1794755877034358,2.782115869017632,
students_dropout_and_academic_success,multiclass,True,AcademicOutcome,log_loss,,,AcademicOutcome,,,,,3,3,True,4424.0,36,3,4424.0,students_dropout_and_academic_success,363704,,,,,,,,random,,,,,education,2021,UCI,1,1,2949.3333333333335,1474.6666666666667,2949.3333333333335,1474.6666666666667,3,3,36,36,r1f1,0.1794755877034358,2.782115869017632,
students_dropout_and_academic_success,multiclass,True,AcademicOutcome,log_loss,,,AcademicOutcome,,,,,3,3,True,4424.0,36,3,4424.0,students_dropout_and_academic_success,363704,,,,,,,,random,,,,,education,2021,UCI,1,2,2949.3333333333335,1474.6666666666667,2949.3333333333335,1474.6666666666667,3,3,36,36,r1f2,0.1794755877034358,2.782115869017632,
students_dropout_and_academic_success,multiclass,True,AcademicOutcome,log_loss,,,AcademicOutcome,,,,,3,3,True,4424.0,36,3,4424.0,students_dropout_and_academic_success,363704,,,,,,,,random,,,,,education,2021,UCI,2,0,2949.3333333333335,1474.6666666666667,2949.3333333333335,1474.6666666666667,3,3,36,36,r2f0,0.1794755877034358,2.782115869017632,
students_dropout_and_academic_success,multiclass,True,AcademicOutcome,log_loss,,,AcademicOutcome,,,,,3,3,True,4424.0,36,3,4424.0,students_dropout_and_academic_success,363704,,,,,,,,random,,,,,education,2021,UCI,2,1,2949.3333333333335,1474.6666666666667,2949.3333333333335,1474.6666666666667,3,3,36,36,r2f1,0.1794755877034358,2.782115869017632,
students_dropout_and_academic_success,multiclass,True,AcademicOutcome,log_loss,,,AcademicOutcome,,,,,3,3,True,4424.0,36,3,4424.0,students_dropout_and_academic_success,363704,,,,,,,,random,,,,,education,2021,UCI,2,2,2949.3333333333335,1474.6666666666667,2949.3333333333335,1474.6666666666667,3,3,36,36,r2f2,0.1794755877034358,2.782115869017632,
superconductivity,regression,False,critical_temp,rmse,,,,,,,,-1,-1,True,21263.0,81,-1,21263.0,superconductivity,363705,,,,,,,,random,,,,,physics & astronomy,2018,UCI,0,0,14175.333333333334,7087.666666666667,14175.333333333334,7087.666666666667,-1,-1,81,81,r0f0,,,0.8601626069019367
superconductivity,regression,False,critical_temp,rmse,,,,,,,,-1,-1,True,21263.0,81,-1,21263.0,superconductivity,363705,,,,,,,,random,,,,,physics & astronomy,2018,UCI,0,1,14175.333333333334,7087.666666666667,14175.333333333334,7087.666666666667,-1,-1,81,81,r0f1,,,0.8601626069019367
superconductivity,regression,False,critical_temp,rmse,,,,,,,,-1,-1,True,21263.0,81,-1,21263.0,superconductivity,363705,,,,,,,,random,,,,,physics & astronomy,2018,UCI,0,2,14175.333333333334,7087.666666666667,14175.333333333334,7087.666666666667,-1,-1,81,81,r0f2,,,0.8601626069019367
superconductivity,regression,False,critical_temp,rmse,,,,,,,,-1,-1,True,21263.0,81,-1,21263.0,superconductivity,363705,,,,,,,,random,,,,,physics & astronomy,2018,UCI,1,0,14175.333333333334,7087.666666666667,14175.333333333334,7087.666666666667,-1,-1,81,81,r1f0,,,0.8601626069019367
superconductivity,regression,False,critical_temp,rmse,,,,,,,,-1,-1,True,21263.0,81,-1,21263.0,superconductivity,363705,,,,,,,,random,,,,,physics & astronomy,2018,UCI,1,1,14175.333333333334,7087.666666666667,14175.333333333334,7087.666666666667,-1,-1,81,81,r1f1,,,0.8601626069019367
superconductivity,regression,False,critical_temp,rmse,,,,,,,,-1,-1,True,21263.0,81,-1,21263.0,superconductivity,363705,,,,,,,,random,,,,,physics & astronomy,2018,UCI,1,2,14175.333333333334,7087.666666666667,14175.333333333334,7087.666666666667,-1,-1,81,81,r1f2,,,0.8601626069019367
superconductivity,regression,False,critical_temp,rmse,,,,,,,,-1,-1,True,21263.0,81,-1,21263.0,superconductivity,363705,,,,,,,,random,,,,,physics & astronomy,2018,UCI,2,0,14175.333333333334,7087.666666666667,14175.333333333334,7087.666666666667,-1,-1,81,81,r2f0,,,0.8601626069019367
superconductivity,regression,False,critical_temp,rmse,,,,,,,,-1,-1,True,21263.0,81,-1,21263.0,superconductivity,363705,,,,,,,,random,,,,,physics & astronomy,2018,UCI,2,1,14175.333333333334,7087.666666666667,14175.333333333334,7087.666666666667,-1,-1,81,81,r2f1,,,0.8601626069019367
superconductivity,regression,False,critical_temp,rmse,,,,,,,,-1,-1,True,21263.0,81,-1,21263.0,superconductivity,363705,,,,,,,,random,,,,,physics & astronomy,2018,UCI,2,2,14175.333333333334,7087.666666666667,14175.333333333334,7087.666666666667,-1,-1,81,81,r2f2,,,0.8601626069019367
taiwanese_bankruptcy_prediction,binary,True,Bankrupt,roc_auc,,,Bankrupt,,,,,2,2,True,6819.0,94,2,6819.0,taiwanese_bankruptcy_prediction,363706,,,,,,,,random,,,,,finance,2009,UCI,0,0,4546.0,2273.0,4546.0,2273.0,2,2,94,94,r0f0,0.0322627951312509,29.995454545454542,
taiwanese_bankruptcy_prediction,binary,True,Bankrupt,roc_auc,,,Bankrupt,,,,,2,2,True,6819.0,94,2,6819.0,taiwanese_bankruptcy_prediction,363706,,,,,,,,random,,,,,finance,2009,UCI,0,1,4546.0,2273.0,4546.0,2273.0,2,2,94,94,r0f1,0.0322627951312509,29.995454545454542,
taiwanese_bankruptcy_prediction,binary,True,Bankrupt,roc_auc,,,Bankrupt,,,,,2,2,True,6819.0,94,2,6819.0,taiwanese_bankruptcy_prediction,363706,,,,,,,,random,,,,,finance,2009,UCI,0,2,4546.0,2273.0,4546.0,2273.0,2,2,94,94,r0f2,0.0322627951312509,29.995454545454542,
taiwanese_bankruptcy_prediction,binary,True,Bankrupt,roc_auc,,,Bankrupt,,,,,2,2,True,6819.0,94,2,6819.0,taiwanese_bankruptcy_prediction,363706,,,,,,,,random,,,,,finance,2009,UCI,1,0,4546.0,2273.0,4546.0,2273.0,2,2,94,94,r1f0,0.0322627951312509,29.995454545454542,
taiwanese_bankruptcy_prediction,binary,True,Bankrupt,roc_auc,,,Bankrupt,,,,,2,2,True,6819.0,94,2,6819.0,taiwanese_bankruptcy_prediction,363706,,,,,,,,random,,,,,finance,2009,UCI,1,1,4546.0,2273.0,4546.0,2273.0,2,2,94,94,r1f1,0.0322627951312509,29.995454545454542,
taiwanese_bankruptcy_prediction,binary,True,Bankrupt,roc_auc,,,Bankrupt,,,,,2,2,True,6819.0,94,2,6819.0,taiwanese_bankruptcy_prediction,363706,,,,,,,,random,,,,,finance,2009,UCI,1,2,4546.0,2273.0,4546.0,2273.0,2,2,94,94,r1f2,0.0322627951312509,29.995454545454542,
taiwanese_bankruptcy_prediction,binary,True,Bankrupt,roc_auc,,,Bankrupt,,,,,2,2,True,6819.0,94,2,6819.0,taiwanese_bankruptcy_prediction,363706,,,,,,,,random,,,,,finance,2009,UCI,2,0,4546.0,2273.0,4546.0,2273.0,2,2,94,94,r2f0,0.0322627951312509,29.995454545454542,
taiwanese_bankruptcy_prediction,binary,True,Bankrupt,roc_auc,,,Bankrupt,,,,,2,2,True,6819.0,94,2,6819.0,taiwanese_bankruptcy_prediction,363706,,,,,,,,random,,,,,finance,2009,UCI,2,1,4546.0,2273.0,4546.0,2273.0,2,2,94,94,r2f1,0.0322627951312509,29.995454545454542,
taiwanese_bankruptcy_prediction,binary,True,Bankrupt,roc_auc,,,Bankrupt,,,,,2,2,True,6819.0,94,2,6819.0,taiwanese_bankruptcy_prediction,363706,,,,,,,,random,,,,,finance,2009,UCI,2,2,4546.0,2273.0,4546.0,2273.0,2,2,94,94,r2f2,0.0322627951312509,29.995454545454542,
website_phishing,multiclass,True,WebsiteType,log_loss,,,WebsiteType,,,,,3,3,True,1353.0,9,3,1353.0,website_phishing,363707,,,,,,,,random,,,,,technology & internet,2014,UCI,0,0,902.0,451.0,902.0,451.0,3,3,9,9,r0f0,0.0761271249076127,6.815533980582524,
website_phishing,multiclass,True,WebsiteType,log_loss,,,WebsiteType,,,,,3,3,True,1353.0,9,3,1353.0,website_phishing,363707,,,,,,,,random,,,,,technology & internet,2014,UCI,0,1,902.0,451.0,902.0,451.0,3,3,9,9,r0f1,0.0761271249076127,6.815533980582524,
website_phishing,multiclass,True,WebsiteType,log_loss,,,WebsiteType,,,,,3,3,True,1353.0,9,3,1353.0,website_phishing,363707,,,,,,,,random,,,,,technology & internet,2014,UCI,0,2,902.0,451.0,902.0,451.0,3,3,9,9,r0f2,0.0761271249076127,6.815533980582524,
website_phishing,multiclass,True,WebsiteType,log_loss,,,WebsiteType,,,,,3,3,True,1353.0,9,3,1353.0,website_phishing,363707,,,,,,,,random,,,,,technology & internet,2014,UCI,1,0,902.0,451.0,902.0,451.0,3,3,9,9,r1f0,0.0761271249076127,6.815533980582524,
website_phishing,multiclass,True,WebsiteType,log_loss,,,WebsiteType,,,,,3,3,True,1353.0,9,3,1353.0,website_phishing,363707,,,,,,,,random,,,,,technology & internet,2014,UCI,1,1,902.0,451.0,902.0,451.0,3,3,9,9,r1f1,0.0761271249076127,6.815533980582524,
website_phishing,multiclass,True,WebsiteType,log_loss,,,WebsiteType,,,,,3,3,True,1353.0,9,3,1353.0,website_phishing,363707,,,,,,,,random,,,,,technology & internet,2014,UCI,1,2,902.0,451.0,902.0,451.0,3,3,9,9,r1f2,0.0761271249076127,6.815533980582524,
website_phishing,multiclass,True,WebsiteType,log_loss,,,WebsiteType,,,,,3,3,True,1353.0,9,3,1353.0,website_phishing,363707,,,,,,,,random,,,,,technology & internet,2014,UCI,2,0,902.0,451.0,902.0,451.0,3,3,9,9,r2f0,0.0761271249076127,6.815533980582524,
website_phishing,multiclass,True,WebsiteType,log_loss,,,WebsiteType,,,,,3,3,True,1353.0,9,3,1353.0,website_phishing,363707,,,,,,,,random,,,,,technology & internet,2014,UCI,2,1,902.0,451.0,902.0,451.0,3,3,9,9,r2f1,0.0761271249076127,6.815533980582524,
website_phishing,multiclass,True,WebsiteType,log_loss,,,WebsiteType,,,,,3,3,True,1353.0,9,3,1353.0,website_phishing,363707,,,,,,,,random,,,,,technology & internet,2014,UCI,2,2,902.0,451.0,902.0,451.0,3,3,9,9,r2f2,0.0761271249076127,6.815533980582524,
website_phishing,multiclass,True,WebsiteType,log_loss,,,WebsiteType,,,,,3,3,True,1353.0,9,3,1353.0,website_phishing,363707,,,,,,,,random,,,,,technology & internet,2014,UCI,3,0,902.0,451.0,902.0,451.0,3,3,9,9,r3f0,0.0761271249076127,6.815533980582524,
website_phishing,multiclass,True,WebsiteType,log_loss,,,WebsiteType,,,,,3,3,True,1353.0,9,3,1353.0,website_phishing,363707,,,,,,,,random,,,,,technology & internet,2014,UCI,3,1,902.0,451.0,902.0,451.0,3,3,9,9,r3f1,0.0761271249076127,6.815533980582524,
website_phishing,multiclass,True,WebsiteType,log_loss,,,WebsiteType,,,,,3,3,True,1353.0,9,3,1353.0,website_phishing,363707,,,,,,,,random,,,,,technology & internet,2014,UCI,3,2,902.0,451.0,902.0,451.0,3,3,9,9,r3f2,0.0761271249076127,6.815533980582524,
website_phishing,multiclass,True,WebsiteType,log_loss,,,WebsiteType,,,,,3,3,True,1353.0,9,3,1353.0,website_phishing,363707,,,,,,,,random,,,,,technology & internet,2014,UCI,4,0,902.0,451.0,902.0,451.0,3,3,9,9,r4f0,0.0761271249076127,6.815533980582524,
website_phishing,multiclass,True,WebsiteType,log_loss,,,WebsiteType,,,,,3,3,True,1353.0,9,3,1353.0,website_phishing,363707,,,,,,,,random,,,,,technology & internet,2014,UCI,4,1,902.0,451.0,902.0,451.0,3,3,9,9,r4f1,0.0761271249076127,6.815533980582524,
website_phishing,multiclass,True,WebsiteType,log_loss,,,WebsiteType,,,,,3,3,True,1353.0,9,3,1353.0,website_phishing,363707,,,,,,,,random,,,,,technology & internet,2014,UCI,4,2,902.0,451.0,902.0,451.0,3,3,9,9,r4f2,0.0761271249076127,6.815533980582524,
website_phishing,multiclass,True,WebsiteType,log_loss,,,WebsiteType,,,,,3,3,True,1353.0,9,3,1353.0,website_phishing,363707,,,,,,,,random,,,,,technology & internet,2014,UCI,5,0,902.0,451.0,902.0,451.0,3,3,9,9,r5f0,0.0761271249076127,6.815533980582524,
website_phishing,multiclass,True,WebsiteType,log_loss,,,WebsiteType,,,,,3,3,True,1353.0,9,3,1353.0,website_phishing,363707,,,,,,,,random,,,,,technology & internet,2014,UCI,5,1,902.0,451.0,902.0,451.0,3,3,9,9,r5f1,0.0761271249076127,6.815533980582524,
website_phishing,multiclass,True,WebsiteType,log_loss,,,WebsiteType,,,,,3,3,True,1353.0,9,3,1353.0,website_phishing,363707,,,,,,,,random,,,,,technology & internet,2014,UCI,5,2,902.0,451.0,902.0,451.0,3,3,9,9,r5f2,0.0761271249076127,6.815533980582524,
website_phishing,multiclass,True,WebsiteType,log_loss,,,WebsiteType,,,,,3,3,True,1353.0,9,3,1353.0,website_phishing,363707,,,,,,,,random,,,,,technology & internet,2014,UCI,6,0,902.0,451.0,902.0,451.0,3,3,9,9,r6f0,0.0761271249076127,6.815533980582524,
website_phishing,multiclass,True,WebsiteType,log_loss,,,WebsiteType,,,,,3,3,True,1353.0,9,3,1353.0,website_phishing,363707,,,,,,,,random,,,,,technology & internet,2014,UCI,6,1,902.0,451.0,902.0,451.0,3,3,9,9,r6f1,0.0761271249076127,6.815533980582524,
website_phishing,multiclass,True,WebsiteType,log_loss,,,WebsiteType,,,,,3,3,True,1353.0,9,3,1353.0,website_phishing,363707,,,,,,,,random,,,,,technology & internet,2014,UCI,6,2,902.0,451.0,902.0,451.0,3,3,9,9,r6f2,0.0761271249076127,6.815533980582524,
website_phishing,multiclass,True,WebsiteType,log_loss,,,WebsiteType,,,,,3,3,True,1353.0,9,3,1353.0,website_phishing,363707,,,,,,,,random,,,,,technology & internet,2014,UCI,7,0,902.0,451.0,902.0,451.0,3,3,9,9,r7f0,0.0761271249076127,6.815533980582524,
website_phishing,multiclass,True,WebsiteType,log_loss,,,WebsiteType,,,,,3,3,True,1353.0,9,3,1353.0,website_phishing,363707,,,,,,,,random,,,,,technology & internet,2014,UCI,7,1,902.0,451.0,902.0,451.0,3,3,9,9,r7f1,0.0761271249076127,6.815533980582524,
website_phishing,multiclass,True,WebsiteType,log_loss,,,WebsiteType,,,,,3,3,True,1353.0,9,3,1353.0,website_phishing,363707,,,,,,,,random,,,,,technology & internet,2014,UCI,7,2,902.0,451.0,902.0,451.0,3,3,9,9,r7f2,0.0761271249076127,6.815533980582524,
website_phishing,multiclass,True,WebsiteType,log_loss,,,WebsiteType,,,,,3,3,True,1353.0,9,3,1353.0,website_phishing,363707,,,,,,,,random,,,,,technology & internet,2014,UCI,8,0,902.0,451.0,902.0,451.0,3,3,9,9,r8f0,0.0761271249076127,6.815533980582524,
website_phishing,multiclass,True,WebsiteType,log_loss,,,WebsiteType,,,,,3,3,True,1353.0,9,3,1353.0,website_phishing,363707,,,,,,,,random,,,,,technology & internet,2014,UCI,8,1,902.0,451.0,902.0,451.0,3,3,9,9,r8f1,0.0761271249076127,6.815533980582524,
website_phishing,multiclass,True,WebsiteType,log_loss,,,WebsiteType,,,,,3,3,True,1353.0,9,3,1353.0,website_phishing,363707,,,,,,,,random,,,,,technology & internet,2014,UCI,8,2,902.0,451.0,902.0,451.0,3,3,9,9,r8f2,0.0761271249076127,6.815533980582524,
website_phishing,multiclass,True,WebsiteType,log_loss,,,WebsiteType,,,,,3,3,True,1353.0,9,3,1353.0,website_phishing,363707,,,,,,,,random,,,,,technology & internet,2014,UCI,9,0,902.0,451.0,902.0,451.0,3,3,9,9,r9f0,0.0761271249076127,6.815533980582524,
website_phishing,multiclass,True,WebsiteType,log_loss,,,WebsiteType,,,,,3,3,True,1353.0,9,3,1353.0,website_phishing,363707,,,,,,,,random,,,,,technology & internet,2014,UCI,9,1,902.0,451.0,902.0,451.0,3,3,9,9,r9f1,0.0761271249076127,6.815533980582524,
website_phishing,multiclass,True,WebsiteType,log_loss,,,WebsiteType,,,,,3,3,True,1353.0,9,3,1353.0,website_phishing,363707,,,,,,,,random,,,,,technology & internet,2014,UCI,9,2,902.0,451.0,902.0,451.0,3,3,9,9,r9f2,0.0761271249076127,6.815533980582524,
wine_quality,regression,False,median_wine_quality,rmse,,,,,,,,-1,-1,True,6497.0,12,-1,6497.0,wine_quality,363708,,,,,,,,random,,,,,chemistry & material science,2009,UCI,0,0,4331.333333333333,2165.6666666666665,4331.333333333333,2165.6666666666665,-1,-1,12,12,r0f0,,,0.1895789112758221
wine_quality,regression,False,median_wine_quality,rmse,,,,,,,,-1,-1,True,6497.0,12,-1,6497.0,wine_quality,363708,,,,,,,,random,,,,,chemistry & material science,2009,UCI,0,1,4331.333333333333,2165.6666666666665,4331.333333333333,2165.6666666666665,-1,-1,12,12,r0f1,,,0.1895789112758221
wine_quality,regression,False,median_wine_quality,rmse,,,,,,,,-1,-1,True,6497.0,12,-1,6497.0,wine_quality,363708,,,,,,,,random,,,,,chemistry & material science,2009,UCI,0,2,4331.333333333333,2165.6666666666665,4331.333333333333,2165.6666666666665,-1,-1,12,12,r0f2,,,0.1895789112758221
wine_quality,regression,False,median_wine_quality,rmse,,,,,,,,-1,-1,True,6497.0,12,-1,6497.0,wine_quality,363708,,,,,,,,random,,,,,chemistry & material science,2009,UCI,1,0,4331.333333333333,2165.6666666666665,4331.333333333333,2165.6666666666665,-1,-1,12,12,r1f0,,,0.1895789112758221
wine_quality,regression,False,median_wine_quality,rmse,,,,,,,,-1,-1,True,6497.0,12,-1,6497.0,wine_quality,363708,,,,,,,,random,,,,,chemistry & material science,2009,UCI,1,1,4331.333333333333,2165.6666666666665,4331.333333333333,2165.6666666666665,-1,-1,12,12,r1f1,,,0.1895789112758221
wine_quality,regression,False,median_wine_quality,rmse,,,,,,,,-1,-1,True,6497.0,12,-1,6497.0,wine_quality,363708,,,,,,,,random,,,,,chemistry & material science,2009,UCI,1,2,4331.333333333333,2165.6666666666665,4331.333333333333,2165.6666666666665,-1,-1,12,12,r1f2,,,0.1895789112758221
wine_quality,regression,False,median_wine_quality,rmse,,,,,,,,-1,-1,True,6497.0,12,-1,6497.0,wine_quality,363708,,,,,,,,random,,,,,chemistry & material science,2009,UCI,2,0,4331.333333333333,2165.6666666666665,4331.333333333333,2165.6666666666665,-1,-1,12,12,r2f0,,,0.1895789112758221
wine_quality,regression,False,median_wine_quality,rmse,,,,,,,,-1,-1,True,6497.0,12,-1,6497.0,wine_quality,363708,,,,,,,,random,,,,,chemistry & material science,2009,UCI,2,1,4331.333333333333,2165.6666666666665,4331.333333333333,2165.6666666666665,-1,-1,12,12,r2f1,,,0.1895789112758221
wine_quality,regression,False,median_wine_quality,rmse,,,,,,,,-1,-1,True,6497.0,12,-1,6497.0,wine_quality,363708,,,,,,,,random,,,,,chemistry & material science,2009,UCI,2,2,4331.333333333333,2165.6666666666665,4331.333333333333,2165.6666666666665,-1,-1,12,12,r2f2,,,0.1895789112758221
jm1,binary,True,defects,roc_auc,,,defects,,,,,2,2,True,10885.0,21,2,10885.0,jm1,363712,,,,,,,,random,,,,,technology & internet,2004,OpenML,0,0,7256.666666666667,3628.3333333333335,7256.666666666667,3628.3333333333335,2,2,21,21,r0f0,0.1934772622875517,4.168566001899335,
jm1,binary,True,defects,roc_auc,,,defects,,,,,2,2,True,10885.0,21,2,10885.0,jm1,363712,,,,,,,,random,,,,,technology & internet,2004,OpenML,0,1,7256.666666666667,3628.3333333333335,7256.666666666667,3628.3333333333335,2,2,21,21,r0f1,0.1934772622875517,4.168566001899335,
jm1,binary,True,defects,roc_auc,,,defects,,,,,2,2,True,10885.0,21,2,10885.0,jm1,363712,,,,,,,,random,,,,,technology & internet,2004,OpenML,0,2,7256.666666666667,3628.3333333333335,7256.666666666667,3628.3333333333335,2,2,21,21,r0f2,0.1934772622875517,4.168566001899335,
jm1,binary,True,defects,roc_auc,,,defects,,,,,2,2,True,10885.0,21,2,10885.0,jm1,363712,,,,,,,,random,,,,,technology & internet,2004,OpenML,1,0,7256.666666666667,3628.3333333333335,7256.666666666667,3628.3333333333335,2,2,21,21,r1f0,0.1934772622875517,4.168566001899335,
jm1,binary,True,defects,roc_auc,,,defects,,,,,2,2,True,10885.0,21,2,10885.0,jm1,363712,,,,,,,,random,,,,,technology & internet,2004,OpenML,1,1,7256.666666666667,3628.3333333333335,7256.666666666667,3628.3333333333335,2,2,21,21,r1f1,0.1934772622875517,4.168566001899335,
jm1,binary,True,defects,roc_auc,,,defects,,,,,2,2,True,10885.0,21,2,10885.0,jm1,363712,,,,,,,,random,,,,,technology & internet,2004,OpenML,1,2,7256.666666666667,3628.3333333333335,7256.666666666667,3628.3333333333335,2,2,21,21,r1f2,0.1934772622875517,4.168566001899335,
jm1,binary,True,defects,roc_auc,,,defects,,,,,2,2,True,10885.0,21,2,10885.0,jm1,363712,,,,,,,,random,,,,,technology & internet,2004,OpenML,2,0,7256.666666666667,3628.3333333333335,7256.666666666667,3628.3333333333335,2,2,21,21,r2f0,0.1934772622875517,4.168566001899335,
jm1,binary,True,defects,roc_auc,,,defects,,,,,2,2,True,10885.0,21,2,10885.0,jm1,363712,,,,,,,,random,,,,,technology & internet,2004,OpenML,2,1,7256.666666666667,3628.3333333333335,7256.666666666667,3628.3333333333335,2,2,21,21,r2f1,0.1934772622875517,4.168566001899335,
jm1,binary,True,defects,roc_auc,,,defects,,,,,2,2,True,10885.0,21,2,10885.0,jm1,363712,,,,,,,,random,,,,,technology & internet,2004,OpenML,2,2,7256.666666666667,3628.3333333333335,7256.666666666667,3628.3333333333335,2,2,21,21,r2f2,0.1934772622875517,4.168566001899335,
